// AUTO-GENERATED by tools/build_slide_icons.ps1 - do not edit by hand.
// Art source: Twemoji (https://github.com/twitter/twemoji), CC-BY 4.0.
#pragma once
#include <Arduino.h>
#include <pgmspace.h>

#define SLIDE_ICON_TRANSPARENT 0x0001

const uint16_t ICON_NEWS_16[256] PROGMEM = {
  0xCEBB, 0xDF1D, 0xD6DC, 0xCEDB, 0xCEDB, 0xCEDB, 0xCEDB, 0xCEDB, 0xCEDB, 0xCEDB, 0xD6DC, 0xD71C, 0xCEBB, 0x0001, 0x0001, 0x0001,
  0xCEDB, 0xCEBB, 0xADF8, 0xADF9, 0xADF9, 0xADF9, 0xADF9, 0xADF9, 0xADF9, 0xADF9, 0xADF8, 0xB639, 0xE77E, 0x0001, 0x0001, 0x0001,
  0xD6DC, 0xADD8, 0x9515, 0x9536, 0x9536, 0x9536, 0x9536, 0x9536, 0x9536, 0x9536, 0x9536, 0x9D56, 0xD71D, 0x0001, 0x0001, 0x0001,
  0xCEDB, 0xBE39, 0x9D76, 0xA576, 0xA576, 0xA576, 0x9D76, 0x9D77, 0x9D77, 0x9D77, 0x9D77, 0xA5B7, 0xDF3D, 0x0001, 0x0001, 0x0001,
  0xCEBB, 0xCEDC, 0xB67B, 0xB67B, 0xB67B, 0xB67B, 0xC69B, 0xC69A, 0xBE5A, 0xBE5A, 0xBE5A, 0xC67A, 0xDF3D, 0x0001, 0x0001, 0x0001,
  0xD6DB, 0x8E1D, 0x4D5E, 0x557D, 0x557D, 0x4D5E, 0x8E1D, 0xCE7A, 0xADB8, 0xADD8, 0xADD8, 0xADF8, 0xD6FC, 0xB5F9, 0x9D77, 0x0001,
  0xD6DB, 0x7DFD, 0x4D5D, 0x555D, 0x555D, 0x4D5D, 0x7DDD, 0xCE9A, 0xB619, 0xBE39, 0xB639, 0xBE39, 0xCEBB, 0xB619, 0xA5D8, 0x9D56,
  0xD6DB, 0x861D, 0x4D5D, 0x557D, 0x557D, 0x4D5D, 0x7DFD, 0xCE9A, 0xADF8, 0xB5F8, 0xB5F8, 0xB619, 0xCEDB, 0xADD8, 0x9D56, 0x9D56,
  0xD6DB, 0x861D, 0x453E, 0x4D5D, 0x4D5D, 0x453E, 0x85FD, 0xCE9A, 0xADF8, 0xB5F8, 0xB5F8, 0xB619, 0xCEDB, 0xADD8, 0x9D56, 0x9D56,
  0xCEBB, 0xC6BC, 0xA65C, 0xA65C, 0xA65C, 0xA65C, 0xBE9C, 0xCE9A, 0xB619, 0xBE39, 0xB639, 0xBE39, 0xCEDB, 0xADD8, 0x9D56, 0x9D56,
  0xCEDB, 0xBE5A, 0xADB7, 0xADD7, 0xADD7, 0xB5D7, 0xADB7, 0xA5B8, 0xADD8, 0xADD8, 0xADD8, 0xADF8, 0xCEDB, 0xADD8, 0x9D56, 0x9D56,
  0xCEBB, 0xCE9B, 0xBE3A, 0xBE5A, 0xBE5A, 0xBE5A, 0xBE5A, 0xBE5A, 0xBE5A, 0xBE5A, 0xBE5A, 0xBE5A, 0xCEDB, 0xADD8, 0x9D56, 0x9D56,
  0xCEDB, 0xBE5A, 0xA5B7, 0xADD8, 0xADD8, 0xADD8, 0xADD8, 0xADD8, 0xADD8, 0xADD8, 0xADB8, 0xADD8, 0xCEDB, 0xADD8, 0x9D56, 0x9D56,
  0xCEBB, 0xC69B, 0xBE39, 0xBE39, 0xBE39, 0xBE39, 0xBE39, 0xBE39, 0xBE39, 0xBE39, 0xBE39, 0xBE5A, 0xCEDB, 0xADD8, 0x9D56, 0x9D56,
  0xCEDB, 0xC67B, 0xADD8, 0xADF8, 0xADF8, 0xADF8, 0xADF8, 0xADF8, 0xADF8, 0xADF8, 0xADF8, 0xB619, 0xD6FC, 0xADF9, 0x9D77, 0x9D56,
  0xCEBB, 0xDF1D, 0xCEDC, 0xCEDB, 0xCEDB, 0xCEDB, 0xCEDB, 0xCEDB, 0xCEDB, 0xCEDB, 0xCEDB, 0xCEDB, 0xCEDB, 0xBE39, 0xA597, 0x9D56
};

const uint16_t ICON_NEWS_24[576] PROGMEM = {
  0x0001, 0xD6FC, 0xD6DC, 0xCEBB, 0xCEBB, 0xCEBB, 0xCEBB, 0xCEBB, 0xCEBB, 0xCEBB, 0xCEBB, 0xCEBB, 0xCEBB, 0xCEBB, 0xCEBB, 0xCEBB, 0xCEDB, 0xD6DC, 0xD6FC, 0x0001, 0x0001, 0x0001, 0x0001, 0x0001,
  0xCEBB, 0xE77E, 0xD6FC, 0xCEDC, 0xCEDC, 0xCEDC, 0xCEDC, 0xCEDC, 0xCEDC, 0xCEDC, 0xCEDC, 0xCEDC, 0xCEDC, 0xCEDC, 0xCEDC, 0xCEDC, 0xCEDC, 0xD6DC, 0xE77E, 0xCEBB, 0x0001, 0x0001, 0x0001, 0x0001,
  0xCEBB, 0xD6DC, 0xADD8, 0x9D56, 0x9D77, 0x9D77, 0x9D77, 0x9D77, 0x9D77, 0x9D77, 0x9D77, 0x9D77, 0x9D77, 0x9D77, 0x9D77, 0x9D77, 0x9D56, 0xADD8, 0xD6DC, 0xCEBB, 0x0001, 0x0001, 0x0001, 0x0001,
  0xCEBB, 0xCEDB, 0x9D56, 0x9556, 0x9D56, 0x9D56, 0x9D56, 0x9D56, 0x9D56, 0x9D56, 0x9D56, 0x9D56, 0x9D56, 0x9D56, 0x9D56, 0x9D56, 0x9556, 0x9D56, 0xCEDC, 0xCEBB, 0x0001, 0x0001, 0x0001, 0x0001,
  0xCEBB, 0xCEDC, 0x9D56, 0x9556, 0x9D56, 0x9D56, 0x9D56, 0x9D56, 0x9D56, 0x9D56, 0x9D56, 0x9D56, 0x9D56, 0x9D56, 0x9D56, 0x9D56, 0x9556, 0x9D56, 0xCEDC, 0xCEBB, 0x0001, 0x0001, 0x0001, 0x0001,
  0xCEBB, 0xD6DC, 0xADD8, 0x9D56, 0x9D77, 0x9D77, 0x9D77, 0x9D77, 0x9D77, 0x9D77, 0x9D77, 0x9D77, 0x9D77, 0x9D77, 0x9D77, 0x9D77, 0x9D56, 0xADD8, 0xD6DC, 0xCEBB, 0x0001, 0x0001, 0x0001, 0x0001,
  0xCEBB, 0xD6FC, 0xD6DB, 0xD6BB, 0xD6BB, 0xD6BB, 0xD6BB, 0xD6BB, 0xD6BB, 0xCEBB, 0xCE9B, 0xCEBB, 0xCEBB, 0xCEBB, 0xCEBB, 0xCEBB, 0xCEBB, 0xD6DC, 0xD6FC, 0xCEBB, 0x0001, 0x0001, 0x0001, 0x0001,
  0xCEBB, 0xD6FC, 0x9E3C, 0x7DDD, 0x7DDD, 0x7DDD, 0x7DDD, 0x7DDD, 0x7DDD, 0x9E3C, 0xD6DC, 0xBE39, 0xA5B7, 0xADB8, 0xADB8, 0xADB8, 0xA5B8, 0xADD8, 0xCEDC, 0xCEBB, 0x0001, 0x0001, 0x0001, 0x0001,
  0xCEBB, 0xCEDC, 0x5D7D, 0x4D5D, 0x4D5D, 0x4D5D, 0x4D5D, 0x4D5D, 0x4D5E, 0x5D7D, 0xCEBC, 0xBE39, 0xA5B7, 0xADB8, 0xADB8, 0xADB8, 0xA5B8, 0xADD8, 0xCEBB, 0xCE9B, 0x9D77, 0x9D77, 0x9D97, 0x0001,
  0xCEBB, 0xCEDC, 0x5D7D, 0x555D, 0x557D, 0x557D, 0x557D, 0x557D, 0x555D, 0x5D7D, 0xC69B, 0xD6DB, 0xCEBB, 0xCEBB, 0xCEBB, 0xCEBB, 0xCEBB, 0xCEBB, 0xCEBB, 0xCE9B, 0xA597, 0x9D77, 0xADF9, 0x9D56,
  0xCEBB, 0xCEDC, 0x5D7D, 0x555D, 0x557D, 0x557D, 0x557D, 0x557D, 0x555D, 0x5D7D, 0xCEBC, 0xB5F8, 0x9536, 0x9D56, 0x9D56, 0x9D56, 0x9556, 0x9D77, 0xCEBB, 0xCEBB, 0x9D77, 0x9D56, 0x9D77, 0x9D56,
  0xCEBB, 0xCEDC, 0x5D7D, 0x555D, 0x557D, 0x557D, 0x557D, 0x557D, 0x555D, 0x5D7D, 0xC6BB, 0xC69A, 0xBE5A, 0xBE5A, 0xBE5A, 0xBE5A, 0xBE5A, 0xBE5A, 0xCEBB, 0xCE9B, 0x9D77, 0x9D56, 0x9D77, 0x9D56,
  0xCEBB, 0xCEDC, 0x5D7D, 0x4D5D, 0x555D, 0x555D, 0x555D, 0x555D, 0x4D5D, 0x5D7D, 0xC6BB, 0xC69A, 0xBE5A, 0xBE5A, 0xBE5A, 0xBE5A, 0xBE5A, 0xBE5A, 0xCEBB, 0xCE9B, 0x9D77, 0x9D56, 0x9D77, 0x9D56,
  0xCEBB, 0xD6DC, 0x7DDD, 0x5D7D, 0x5D7D, 0x5D7D, 0x5D7D, 0x5D7D, 0x5D7D, 0x7DDD, 0xD6DC, 0xADF8, 0x9536, 0x9D56, 0x9D56, 0x9D56, 0x9556, 0x9D77, 0xCEBB, 0xCEBB, 0x9D77, 0x9D56, 0x9D77, 0x9D56,
  0xCEBB, 0xD6FC, 0xCEDC, 0xC6BC, 0xCEBC, 0xCEBC, 0xCEBC, 0xCEBC, 0xC6BC, 0xD6DC, 0xD6DC, 0xCEDB, 0xCEBB, 0xCEBB, 0xCEBB, 0xCEBB, 0xCEBB, 0xCEBB, 0xCEBB, 0xCE9B, 0x9D77, 0x9D56, 0x9D77, 0x9D56,
  0xCEBB, 0xD6DC, 0xADD8, 0xADB7, 0xADB7, 0xADB7, 0xADB7, 0xADB7, 0xADB7, 0xADB7, 0xA5B7, 0xA5B8, 0xADB8, 0xADB8, 0xADB8, 0xADB8, 0xA5B8, 0xADD8, 0xCEBB, 0xCEBB, 0x9D77, 0x9D56, 0x9D77, 0x9D56,
  0xCEBB, 0xD6DC, 0xADD8, 0xA5B8, 0xADB8, 0xADB8, 0xADB8, 0xADB8, 0xADB8, 0xADB8, 0xADB8, 0xADB8, 0xADB8, 0xADB8, 0xADB8, 0xADB8, 0xA5B8, 0xADD8, 0xCEBB, 0xCEBB, 0x9D77, 0x9D56, 0x9D77, 0x9D56,
  0xCEBB, 0xD6DC, 0xCEBB, 0xCEBB, 0xCEBB, 0xCEBB, 0xCEBB, 0xCEBB, 0xCEBB, 0xCEBB, 0xCEBB, 0xCEBB, 0xCEBB, 0xCEBB, 0xCEBB, 0xCEBB, 0xCEBB, 0xCEBB, 0xCEBB, 0xCE9B, 0x9D77, 0x9D56, 0x9D77, 0x9D56,
  0xCEBB, 0xCEDC, 0x9D77, 0x9556, 0x9D56, 0x9D56, 0x9D56, 0x9D56, 0x9D56, 0x9D56, 0x9D56, 0x9D56, 0x9D56, 0x9D56, 0x9D56, 0x9D56, 0x9556, 0x9D77, 0xCEBB, 0xCEBB, 0x9D77, 0x9D56, 0x9D77, 0x9D56,
  0xCEBB, 0xD6DC, 0xBE5A, 0xBE5A, 0xBE5A, 0xBE5A, 0xBE5A, 0xBE5A, 0xBE5A, 0xBE5A, 0xBE5A, 0xBE5A, 0xBE5A, 0xBE5A, 0xBE5A, 0xBE5A, 0xBE5A, 0xBE5A, 0xCEBB, 0xCE9B, 0x9D77, 0x9D56, 0x9D77, 0x9D56,
  0xCEBB, 0xD6DC, 0xBE5A, 0xBE5A, 0xBE5A, 0xBE5A, 0xBE5A, 0xBE5A, 0xBE5A, 0xBE5A, 0xBE5A, 0xBE5A, 0xBE5A, 0xBE5A, 0xBE5A, 0xBE5A, 0xBE5A, 0xBE5A, 0xCEBB, 0xCE9B, 0x9D77, 0x9D56, 0x9D77, 0x9D56,
  0xCEDB, 0xCEDC, 0x9D77, 0x9556, 0x9D56, 0x9D56, 0x9D56, 0x9D56, 0x9D56, 0x9D56, 0x9D56, 0x9D56, 0x9D56, 0x9D56, 0x9D56, 0x9D56, 0x9556, 0x9D77, 0xCEBB, 0xCEBB, 0x9D77, 0x9D56, 0x9D77, 0x9D56,
  0xCEBB, 0xDF5E, 0xCEDC, 0xCEDC, 0xCEDC, 0xCEDC, 0xCEDC, 0xCEDC, 0xCEDC, 0xCEDC, 0xCEDC, 0xCEDC, 0xCEDC, 0xCEDC, 0xCEDC, 0xCEDC, 0xCEDC, 0xCEDC, 0xD6FC, 0xD6DC, 0xA5B8, 0x9D56, 0xA5B8, 0x9D56,
  0x0001, 0xD6FC, 0xD6DC, 0xCEBB, 0xCEBB, 0xCEBB, 0xCEBB, 0xCEBB, 0xCEBB, 0xCEBB, 0xCEBB, 0xCEBB, 0xCEBB, 0xCEBB, 0xCEBB, 0xCEBB, 0xCEBB, 0xCEBB, 0xCEBB, 0xCEDB, 0xBE5A, 0x9D97, 0xA597, 0x9D56
};

const uint16_t ICON_LOCALNEWS_16[256] PROGMEM = {
  0x0001, 0x0001, 0x0001, 0x0001, 0x0001, 0x0001, 0x0001, 0x0001, 0x0001, 0x0001, 0x0001, 0xB619, 0xD6DC, 0xEF9E, 0x0001, 0x0001,
  0x0001, 0x0001, 0x0001, 0x0001, 0x0001, 0x0001, 0x0001, 0x0001, 0x0001, 0x0001, 0xA5B8, 0xDF3D, 0xE77E, 0xF7FF, 0xE75E, 0x0001,
  0x0001, 0x0001, 0x0001, 0x0001, 0x0001, 0x0001, 0x0001, 0x0001, 0x0001, 0xA5B8, 0xD6FC, 0xDF1C, 0xC67A, 0xB5F8, 0xFFFF, 0xE75D,
  0x0001, 0x0001, 0x0001, 0x0001, 0x0001, 0x0001, 0x0001, 0x0001, 0xA5B8, 0xD6DC, 0xE75D, 0xCEDC, 0xB5F8, 0xB619, 0xCEDC, 0xE77E,
  0x0001, 0x0001, 0x0001, 0x0001, 0x0001, 0x0001, 0x0001, 0xA5B8, 0xD6DC, 0xE73D, 0x7DFD, 0x8E3E, 0xC67A, 0xB5F8, 0xC69B, 0xE75D,
  0x0001, 0x0001, 0x0001, 0x0001, 0x0001, 0x0001, 0xA5B8, 0xD6DC, 0xE75D, 0x85FD, 0x4D3D, 0x555D, 0xB69D, 0xBE59, 0xDF3D, 0x0001,
  0x0001, 0x0001, 0x0001, 0x0001, 0x0001, 0xA5B8, 0xD6DC, 0xD6FC, 0xCEBB, 0x8E3D, 0x555D, 0x4D3D, 0x8E3E, 0xE75D, 0x0001, 0x0001,
  0x0001, 0x0001, 0x0001, 0x0001, 0xA5B8, 0xD6DC, 0xE75D, 0xE73D, 0xADF8, 0xCEBB, 0x6DBD, 0x5D9E, 0xBEFE, 0x0001, 0x0001, 0x0001,
  0x0001, 0x0001, 0x0001, 0xA5B8, 0xD6DC, 0xD6FC, 0xDF1C, 0xEF7E, 0xD71C, 0xB5F8, 0xBEDE, 0xBEFE, 0x0001, 0x0001, 0x0001, 0x0001,
  0x0001, 0x0001, 0xA597, 0xD6FC, 0xE75D, 0xD6FC, 0xADD8, 0xDF3D, 0xE77E, 0xC67A, 0xE75D, 0x0001, 0x0001, 0x0001, 0x0001, 0x0001,
  0x0001, 0x7C93, 0x7432, 0x9D35, 0xD6FC, 0xEF7E, 0xC67A, 0xB619, 0xEFBF, 0xE77E, 0x0001, 0x0001, 0x0001, 0x0001, 0x0001, 0x0001,
  0x7C32, 0x9536, 0x8493, 0x7C52, 0x9D56, 0xD71C, 0xDF3D, 0xBE39, 0xE77E, 0x0001, 0x0001, 0x0001, 0x0001, 0x0001, 0x0001, 0x0001,
  0x8493, 0x8493, 0x7C52, 0x8CD4, 0x8493, 0xADD8, 0xEF9F, 0xE75D, 0x0001, 0x0001, 0x0001, 0x0001, 0x0001, 0x0001, 0x0001, 0x0001,
  0x73F0, 0x9556, 0x7432, 0x6BF0, 0x7432, 0x9D56, 0xE77E, 0x0001, 0x0001, 0x0001, 0x0001, 0x0001, 0x0001, 0x0001, 0x0001, 0x0001,
  0x0001, 0x7C52, 0x9D56, 0x8493, 0x8D15, 0x9515, 0x0001, 0x0001, 0x0001, 0x0001, 0x0001, 0x0001, 0x0001, 0x0001, 0x0001, 0x0001,
  0x0001, 0x0001, 0x7432, 0x8CF4, 0x7C73, 0x0001, 0x0001, 0x0001, 0x0001, 0x0001, 0x0001, 0x0001, 0x0001, 0x0001, 0x0001, 0x0001
};

const uint16_t ICON_LOCALNEWS_24[576] PROGMEM = {
  0x0001, 0x0001, 0x0001, 0x0001, 0x0001, 0x0001, 0x0001, 0x0001, 0x0001, 0x0001, 0x0001, 0x0001, 0x0001, 0x0001, 0x0001, 0x0001, 0x0001, 0x0001, 0xCE9B, 0x0001, 0xE75D, 0x0001, 0x0001, 0x0001,
  0x0001, 0x0001, 0x0001, 0x0001, 0x0001, 0x0001, 0x0001, 0x0001, 0x0001, 0x0001, 0x0001, 0x0001, 0x0001, 0x0001, 0x0001, 0x9556, 0xA597, 0xC67A, 0xD71C, 0xE75D, 0xF7FF, 0xDF3D, 0x0001, 0x0001,
  0x0001, 0x0001, 0x0001, 0x0001, 0x0001, 0x0001, 0x0001, 0x0001, 0x0001, 0x0001, 0x0001, 0x0001, 0x0001, 0x0001, 0x9556, 0xADF9, 0xC69B, 0xD71C, 0xDF1D, 0xD6FC, 0xEF7E, 0xF7DF, 0xDF3D, 0x0001,
  0x0001, 0x0001, 0x0001, 0x0001, 0x0001, 0x0001, 0x0001, 0x0001, 0x0001, 0x0001, 0x0001, 0x0001, 0x0001, 0x9556, 0xADD8, 0xC67A, 0xD6DC, 0xE73D, 0xDF1C, 0x9D56, 0xC67A, 0xEFBF, 0xE75E, 0x0001,
  0x0001, 0x0001, 0x0001, 0x0001, 0x0001, 0x0001, 0x0001, 0x0001, 0x0001, 0x0001, 0x0001, 0x0001, 0x9556, 0xADD8, 0xC67A, 0xD6DC, 0xE75D, 0xBE39, 0xB639, 0xCEDB, 0x9D56, 0xD6DC, 0xFFFF, 0xE73D,
  0x0001, 0x0001, 0x0001, 0x0001, 0x0001, 0x0001, 0x0001, 0x0001, 0x0001, 0x0001, 0x0001, 0x9556, 0xADD8, 0xC67A, 0xD6DC, 0xE73D, 0xDF3E, 0xDEFC, 0x9D56, 0xC67A, 0xBE5A, 0xA5B8, 0xF7BF, 0xE75D,
  0x0001, 0x0001, 0x0001, 0x0001, 0x0001, 0x0001, 0x0001, 0x0001, 0x0001, 0x0001, 0x9556, 0xADD8, 0xC67A, 0xD6DC, 0xEF5D, 0xAE9D, 0x5D7D, 0xB6DE, 0xDEFB, 0x9D56, 0xCEBB, 0x9D77, 0xE77E, 0xE75E,
  0x0001, 0x0001, 0x0001, 0x0001, 0x0001, 0x0001, 0x0001, 0x0001, 0x0001, 0x9556, 0xADD8, 0xC67A, 0xD6DC, 0xE75D, 0xB69D, 0x555D, 0x555D, 0x657D, 0xDF3E, 0xB5F8, 0xB619, 0xB619, 0xE79F, 0xEF7E,
  0x0001, 0x0001, 0x0001, 0x0001, 0x0001, 0x0001, 0x0001, 0x0001, 0x9556, 0xADD8, 0xC67A, 0xD6FC, 0xEF7D, 0xB6BD, 0x555D, 0x5D7D, 0x5D7D, 0x555D, 0x9E5E, 0xCE9A, 0xA5B8, 0xF7FF, 0xE73D, 0x0001,
  0x0001, 0x0001, 0x0001, 0x0001, 0x0001, 0x0001, 0x0001, 0x9556, 0xADD8, 0xC67A, 0xD6FC, 0xDF1C, 0xDF1C, 0xC6DE, 0x5D7D, 0x5D5D, 0x5D7D, 0x5D5D, 0x659D, 0xD6FD, 0xE77E, 0xE77E, 0x0001, 0x0001,
  0x0001, 0x0001, 0x0001, 0x0001, 0x0001, 0x0001, 0x9556, 0xADD8, 0xC67A, 0xD6DC, 0xE75D, 0xD6FC, 0x9D56, 0xD6DB, 0xB6BE, 0x555D, 0x5D7D, 0x555D, 0x659D, 0xE7BF, 0xEF9E, 0x0001, 0x0001, 0x0001,
  0x0001, 0x0001, 0x0001, 0x0001, 0x0001, 0x9556, 0xADD8, 0xC67A, 0xD6FC, 0xDF3D, 0xE75D, 0xE77E, 0xC67A, 0x9D56, 0xE73C, 0x8E1D, 0x4D3D, 0x659D, 0xD77F, 0xEF7D, 0x0001, 0x0001, 0x0001, 0x0001,
  0x0001, 0x0001, 0x0001, 0x0001, 0x9556, 0xADD8, 0xC67A, 0xD6DC, 0xDF3D, 0xE75E, 0xE75D, 0xE75D, 0xE77E, 0xADD8, 0xBE18, 0xC6FE, 0x659D, 0xDF7F, 0xF79D, 0x0001, 0x0001, 0x0001, 0x0001, 0x0001,
  0x0001, 0x0001, 0x0001, 0x9D56, 0xADF9, 0xC67A, 0xD6FC, 0xE75D, 0xBE5A, 0xADF8, 0xE75D, 0xE75D, 0xE77E, 0xD6DC, 0x9D76, 0xDF1D, 0xEFDF, 0xEF7D, 0x0001, 0x0001, 0x0001, 0x0001, 0x0001, 0x0001,
  0x0001, 0x0001, 0x9D76, 0xA5D8, 0xBE5A, 0xD6FC, 0xDF1D, 0xE77E, 0xDF1C, 0x9D77, 0xBE39, 0xE77E, 0xE75D, 0xDF3D, 0xADB8, 0xEF9F, 0xEF7E, 0x0001, 0x0001, 0x0001, 0x0001, 0x0001, 0x0001, 0x0001,
  0x0001, 0x6C11, 0x7C72, 0x6BF1, 0x84B3, 0xBE39, 0xD6FC, 0xDF3D, 0xE77E, 0xD6FC, 0x9D56, 0xD6DC, 0xE75D, 0xE75D, 0xF7DF, 0xE73D, 0x0001, 0x0001, 0x0001, 0x0001, 0x0001, 0x0001, 0x0001, 0x0001,
  0x638F, 0x84B4, 0x9515, 0x7C52, 0x5B6F, 0x7432, 0xB619, 0xD6FC, 0xDF3D, 0xEF7E, 0xB5F9, 0xB5F8, 0xEF7E, 0xF7FF, 0xE77D, 0x0001, 0x0001, 0x0001, 0x0001, 0x0001, 0x0001, 0x0001, 0x0001, 0x0001,
  0x6BD0, 0x9D77, 0x8493, 0x9536, 0x84B3, 0x8CF5, 0x8493, 0xB619, 0xD71C, 0xE77E, 0xC69B, 0xA597, 0xF7FF, 0xE75D, 0x0001, 0x0001, 0x0001, 0x0001, 0x0001, 0x0001, 0x0001, 0x0001, 0x0001, 0x0001,
  0x6BF1, 0x9D77, 0x63AF, 0x7431, 0x9535, 0x7C52, 0x9515, 0x84B3, 0xCE9B, 0xDF3D, 0xDF3D, 0xE77E, 0xE75D, 0x0001, 0x0001, 0x0001, 0x0001, 0x0001, 0x0001, 0x0001, 0x0001, 0x0001, 0x0001, 0x0001,
  0x638F, 0x9D77, 0x8493, 0x636F, 0x9536, 0x7411, 0x8493, 0x84B4, 0xA597, 0xDF3D, 0xF7FF, 0xEF7E, 0x0001, 0x0001, 0x0001, 0x0001, 0x0001, 0x0001, 0x0001, 0x0001, 0x0001, 0x0001, 0x0001, 0x0001,
  0x0001, 0x7432, 0xA597, 0x73F1, 0x7411, 0x6BD0, 0x6BF1, 0x8CF5, 0x8CF4, 0xEFBF, 0xE75D, 0x0001, 0x0001, 0x0001, 0x0001, 0x0001, 0x0001, 0x0001, 0x0001, 0x0001, 0x0001, 0x0001, 0x0001, 0x0001,
  0x0001, 0x0001, 0x8493, 0xA597, 0x7C52, 0x638F, 0x7C73, 0x8CF5, 0x9D56, 0xE75E, 0x0001, 0x0001, 0x0001, 0x0001, 0x0001, 0x0001, 0x0001, 0x0001, 0x0001, 0x0001, 0x0001, 0x0001, 0x0001, 0x0001,
  0x0001, 0x0001, 0x0001, 0x7C73, 0x9D77, 0x9D77, 0x9D77, 0x7C93, 0x9515, 0x0001, 0x0001, 0x0001, 0x0001, 0x0001, 0x0001, 0x0001, 0x0001, 0x0001, 0x0001, 0x0001, 0x0001, 0x0001, 0x0001, 0x0001,
  0x0001, 0x0001, 0x0001, 0x0001, 0x6BD0, 0x7C32, 0x7411, 0x638F, 0x0001, 0x0001, 0x0001, 0x0001, 0x0001, 0x0001, 0x0001, 0x0001, 0x0001, 0x0001, 0x0001, 0x0001, 0x0001, 0x0001, 0x0001, 0x0001
};

const uint16_t ICON_SCORES_16[256] PROGMEM = {
  0x0001, 0x0001, 0x0001, 0xFE49, 0xFEAA, 0xFE49, 0xFE69, 0xFE69, 0xFE69, 0xFE69, 0xFE49, 0xFEAA, 0xFE49, 0x0001, 0x0001, 0x0001,
  0xFD46, 0xFDC6, 0xFD86, 0xFE69, 0xFECA, 0xFEAA, 0xFE8A, 0xFE8A, 0xFE8A, 0xFE8A, 0xFE89, 0xFEAA, 0xFE89, 0xFD86, 0xFDC6, 0xFD46,
  0xFD86, 0xFD66, 0x0001, 0xFE49, 0xFE8A, 0xFE69, 0xFE69, 0xFE69, 0xFE69, 0xFE69, 0xFE69, 0xFE89, 0xFE49, 0x0001, 0xFD66, 0xFD86,
  0xFD66, 0xFD46, 0x0001, 0xFE69, 0xFEAA, 0xFE69, 0xFE69, 0xFE69, 0xFE69, 0xFE69, 0xFE69, 0xFE8A, 0xFE49, 0x0001, 0xFD46, 0xFD66,
  0xFD46, 0xFD46, 0x0001, 0xFE69, 0xFECA, 0xFE69, 0xFE69, 0xFE69, 0xFE69, 0xFE69, 0xFE69, 0xFECA, 0xFE69, 0x0001, 0xFD46, 0xFD46,
  0xFD46, 0xFDA6, 0x0001, 0x0001, 0xFEEA, 0xFE69, 0xFE69, 0xFE69, 0xFE69, 0xFE69, 0xFE69, 0xFEEA, 0xFE69, 0x0001, 0xFD86, 0xFD66,
  0x0001, 0xFE07, 0x0001, 0x0001, 0xFE69, 0xFEAA, 0xFE69, 0xFE69, 0xFE69, 0xFE69, 0xFE89, 0xFE89, 0x0001, 0x0001, 0xFE07, 0xFD46,
  0x0001, 0xFDC6, 0xFD66, 0xFD46, 0xFDE8, 0xFECA, 0xFE49, 0xFE69, 0xFE69, 0xFE49, 0xFECA, 0xFE08, 0xFD25, 0xFD66, 0xFE07, 0x0001,
  0x0001, 0xFD46, 0xFDA6, 0xFD46, 0xFD66, 0xFE29, 0xFEAA, 0xFE49, 0xFE49, 0xFE8A, 0xFE49, 0xFD66, 0xFD46, 0xFD86, 0xFD46, 0x0001,
  0x0001, 0x0001, 0x0001, 0x0001, 0x0001, 0x0001, 0xFE8A, 0xFE8A, 0xFE89, 0xFEAA, 0x0001, 0x0001, 0x0001, 0x0001, 0x0001, 0x0001,
  0x0001, 0x0001, 0x0001, 0x0001, 0x0001, 0x0001, 0xFDE8, 0xFEA9, 0xFEA9, 0xFE08, 0x0001, 0x0001, 0x0001, 0x0001, 0x0001, 0x0001,
  0x0001, 0x0001, 0x0001, 0x0001, 0x0001, 0x0001, 0xFD45, 0xFDC7, 0xFDC7, 0xFD45, 0x0001, 0x0001, 0x0001, 0x0001, 0x0001, 0x0001,
  0x0001, 0x0001, 0x0001, 0x0001, 0x0001, 0x0001, 0xFD86, 0xFDC6, 0xFDC6, 0xFD86, 0x0001, 0x0001, 0x0001, 0x0001, 0x0001, 0x0001,
  0x0001, 0x0001, 0x0001, 0x0001, 0xBB49, 0xCB8A, 0xD3E8, 0xD408, 0xD408, 0xD3E8, 0xCB8A, 0xBB29, 0x0001, 0x0001, 0x0001, 0x0001,
  0x0001, 0x0001, 0x0001, 0x0001, 0xCB6A, 0xD3AB, 0xC34A, 0xC32A, 0xC32A, 0xC34A, 0xD3AB, 0xCB8A, 0x0001, 0x0001, 0x0001, 0x0001,
  0x0001, 0x0001, 0x0001, 0xC349, 0xCB6A, 0xC349, 0xC349, 0xC349, 0xC349, 0xC349, 0xC349, 0xCB6A, 0xC349, 0x0001, 0x0001, 0x0001
};

const uint16_t ICON_SCORES_24[576] PROGMEM = {
  0x0001, 0x0001, 0x0001, 0x0001, 0x0001, 0xFE49, 0xFEAA, 0xFE49, 0xFE49, 0xFE69, 0xFE69, 0xFE69, 0xFE69, 0xFE69, 0xFE69, 0xFE69, 0xFE69, 0xFEAA, 0xFE49, 0x0001, 0x0001, 0x0001, 0x0001, 0x0001,
  0x0001, 0xFD86, 0xFD66, 0xFD46, 0xFD66, 0xFE49, 0xFECA, 0xFEAA, 0xFEAA, 0xFE8A, 0xFEAA, 0xFEAA, 0xFEAA, 0xFEAA, 0xFEAA, 0xFEAA, 0xFE8A, 0xFECA, 0xFE8A, 0xFDA7, 0xFD46, 0xFD66, 0xFD86, 0x0001,
  0xFD46, 0xFE07, 0xFDE7, 0xFE07, 0xFE47, 0xFE69, 0xFE49, 0xFE69, 0xFE69, 0xFE69, 0xFE69, 0xFE69, 0xFE69, 0xFE69, 0xFE69, 0xFE69, 0xFE69, 0xFE69, 0xFE69, 0xFE48, 0xFE07, 0xFDE7, 0xFE07, 0xFD66,
  0xFD66, 0xFDA6, 0xFD66, 0x0001, 0xFDE8, 0xFE8A, 0xFE69, 0xFE69, 0xFE69, 0xFE69, 0xFE69, 0xFE69, 0xFE69, 0xFE69, 0xFE69, 0xFE69, 0xFE69, 0xFE69, 0xFEAA, 0xFE08, 0x0001, 0xFD46, 0xFDA6, 0xFD66,
  0xFD66, 0xFDE7, 0x0001, 0x0001, 0x0001, 0xFECA, 0xFE69, 0xFE69, 0xFE69, 0xFE69, 0xFE69, 0xFE69, 0xFE69, 0xFE69, 0xFE69, 0xFE69, 0xFE69, 0xFE69, 0xFECA, 0xFE69, 0x0001, 0x0001, 0xFDE7, 0xFD46,
  0xFD46, 0xFE07, 0xFD66, 0x0001, 0x0001, 0xFE89, 0xFE69, 0xFE69, 0xFE69, 0xFE69, 0xFE69, 0xFE69, 0xFE69, 0xFE69, 0xFE69, 0xFE69, 0xFE69, 0xFE69, 0xFECA, 0xFE49, 0x0001, 0xFD46, 0xFE07, 0xFD66,
  0xFD66, 0xFE27, 0xFD46, 0x0001, 0x0001, 0xFE49, 0xFE89, 0xFE69, 0xFE69, 0xFE69, 0xFE69, 0xFE69, 0xFE69, 0xFE69, 0xFE69, 0xFE69, 0xFE69, 0xFE69, 0xFE89, 0x0001, 0x0001, 0xFD46, 0xFE27, 0xFD46,
  0xFD46, 0xFDE7, 0xFD46, 0x0001, 0x0001, 0xFE49, 0xFECA, 0xFE69, 0xFE69, 0xFE69, 0xFE69, 0xFE69, 0xFE69, 0xFE69, 0xFE69, 0xFE69, 0xFE69, 0xFE8A, 0xFE49, 0x0001, 0x0001, 0xFD46, 0xFE07, 0xFD46,
  0x0001, 0xFDA6, 0xFD66, 0x0001, 0x0001, 0xFE69, 0xFEEA, 0xFE69, 0xFE69, 0xFE69, 0xFE69, 0xFE69, 0xFE69, 0xFE69, 0xFE69, 0xFE69, 0xFE69, 0xFEEA, 0xFE69, 0x0001, 0x0001, 0xFD66, 0xFDC6, 0x0001,
  0x0001, 0xFD46, 0xFDE7, 0x0001, 0x0001, 0x0001, 0xFE69, 0xFE89, 0xFE69, 0xFE69, 0xFE69, 0xFE69, 0xFE69, 0xFE69, 0xFE69, 0xFE69, 0xFE69, 0xFE8A, 0x0001, 0x0001, 0x0001, 0xFDC6, 0xFD66, 0x0001,
  0x0001, 0xFD46, 0xFDE7, 0xFD66, 0x0001, 0x0001, 0xFE69, 0xFECA, 0xFE69, 0xFE69, 0xFE69, 0xFE69, 0xFE69, 0xFE69, 0xFE69, 0xFE69, 0xFECA, 0xFE69, 0x0001, 0x0001, 0xFD66, 0xFDE7, 0xFD66, 0x0001,
  0x0001, 0xFD46, 0xFE07, 0xFD86, 0xFD66, 0xFD46, 0xFD86, 0xFE69, 0xFE69, 0xFE69, 0xFE69, 0xFE69, 0xFE69, 0xFE69, 0xFE69, 0xFE69, 0xFE89, 0xFDA7, 0xFD46, 0xFD46, 0xFD66, 0xFDE7, 0xFD46, 0x0001,
  0x0001, 0x0001, 0xFD66, 0xFDC6, 0xFE07, 0xFE27, 0xFDE6, 0xFE28, 0xFEAA, 0xFE49, 0xFE69, 0xFE69, 0xFE69, 0xFE69, 0xFE49, 0xFE8A, 0xFE48, 0xFDE6, 0xFE27, 0xFE07, 0xFDC7, 0xFD86, 0x0001, 0x0001,
  0x0001, 0x0001, 0x0001, 0x0001, 0x0001, 0x0001, 0x0001, 0x0001, 0xFE49, 0xFECA, 0xFE49, 0xFE69, 0xFE69, 0xFE49, 0xFEAA, 0xFE49, 0x0001, 0x0001, 0x0001, 0x0001, 0x0001, 0x0001, 0x0001, 0x0001,
  0x0001, 0x0001, 0x0001, 0x0001, 0x0001, 0x0001, 0x0001, 0x0001, 0x0001, 0xFE89, 0xFEAA, 0xFE69, 0xFE69, 0xFE8A, 0xFE8A, 0x0001, 0x0001, 0x0001, 0x0001, 0x0001, 0x0001, 0x0001, 0x0001, 0x0001,
  0x0001, 0x0001, 0x0001, 0x0001, 0x0001, 0x0001, 0x0001, 0x0001, 0x0001, 0x0001, 0xFE69, 0xFE8A, 0xFE8A, 0xFE89, 0x0001, 0x0001, 0x0001, 0x0001, 0x0001, 0x0001, 0x0001, 0x0001, 0x0001, 0x0001,
  0x0001, 0x0001, 0x0001, 0x0001, 0x0001, 0x0001, 0x0001, 0x0001, 0x0001, 0x0001, 0xFD66, 0xFDE8, 0xFE08, 0xFD66, 0x0001, 0x0001, 0x0001, 0x0001, 0x0001, 0x0001, 0x0001, 0x0001, 0x0001, 0x0001,
  0x0001, 0x0001, 0x0001, 0x0001, 0x0001, 0x0001, 0x0001, 0x0001, 0x0001, 0x0001, 0xFD86, 0xFD46, 0xFD46, 0xFD86, 0x0001, 0x0001, 0x0001, 0x0001, 0x0001, 0x0001, 0x0001, 0x0001, 0x0001, 0x0001,
  0x0001, 0x0001, 0x0001, 0x0001, 0x0001, 0x0001, 0x0001, 0x0001, 0x0001, 0xFD66, 0xFDC6, 0xFD66, 0xFD66, 0xFDC6, 0xFD66, 0x0001, 0x0001, 0x0001, 0x0001, 0x0001, 0x0001, 0x0001, 0x0001, 0x0001,
  0x0001, 0x0001, 0x0001, 0x0001, 0x0001, 0x0001, 0x0001, 0x0001, 0x0001, 0xFD26, 0xFD66, 0xFD46, 0xFD46, 0xFD66, 0xFD26, 0x0001, 0x0001, 0x0001, 0x0001, 0x0001, 0x0001, 0x0001, 0x0001, 0x0001,
  0x0001, 0x0001, 0x0001, 0x0001, 0x0001, 0x0001, 0xC349, 0xCB6A, 0xC349, 0xCB89, 0xC369, 0xC369, 0xC369, 0xC369, 0xCB89, 0xC349, 0xCB6A, 0xC349, 0x0001, 0x0001, 0x0001, 0x0001, 0x0001, 0x0001,
  0x0001, 0x0001, 0x0001, 0x0001, 0x0001, 0x0001, 0xC349, 0xCB6A, 0xC34A, 0xC32A, 0xBB2A, 0xBB2A, 0xBB2A, 0xBB2A, 0xC32A, 0xC34A, 0xCB6A, 0xC349, 0x0001, 0x0001, 0x0001, 0x0001, 0x0001, 0x0001,
  0x0001, 0x0001, 0x0001, 0x0001, 0x0001, 0xCB6A, 0xC36A, 0xC36A, 0xC36A, 0xC36A, 0xC36A, 0xC36A, 0xC36A, 0xC36A, 0xC36A, 0xC36A, 0xC36A, 0xC36A, 0xCB6A, 0x0001, 0x0001, 0x0001, 0x0001, 0x0001,
  0x0001, 0x0001, 0x0001, 0x0001, 0x0001, 0xCB6A, 0xC349, 0xC349, 0xC349, 0xC349, 0xC349, 0xC349, 0xC349, 0xC349, 0xC349, 0xC349, 0xC349, 0xC349, 0xCB6A, 0x0001, 0x0001, 0x0001, 0x0001, 0x0001
};

const uint16_t ICON_SPORTS_16[256] PROGMEM = {
  0x0001, 0x0001, 0x0001, 0x0001, 0x0001, 0x0001, 0x0001, 0x0001, 0x6081, 0x932B, 0xEFFF, 0x934C, 0x5020, 0x6902, 0x0001, 0x0001,
  0x0001, 0x0001, 0x0001, 0x0001, 0x0001, 0x0001, 0x6902, 0x6902, 0x6902, 0x68E1, 0xB4B1, 0xF7DF, 0x8AA9, 0x6080, 0x6102, 0x0001,
  0x0001, 0x0001, 0x0001, 0x0001, 0x6102, 0x6902, 0x6902, 0x6102, 0x6102, 0x60E2, 0x5860, 0xA430, 0xEFBF, 0x82A9, 0x6080, 0x6102,
  0x0001, 0x0001, 0x0001, 0x6102, 0x7122, 0x6902, 0x6102, 0x6102, 0x6102, 0x6102, 0x60A1, 0x58A0, 0xAC50, 0xEFBF, 0x8AA9, 0x5020,
  0x0001, 0x0001, 0x6102, 0x7122, 0x6102, 0x6102, 0x6102, 0x6102, 0x5880, 0x7A27, 0xC5F7, 0xBD75, 0x58A0, 0xA430, 0xF7DF, 0x934C,
  0x0001, 0x0001, 0x6902, 0x6902, 0x6102, 0x6102, 0x6102, 0x6922, 0x6964, 0x8B0B, 0xF7FF, 0xC5F7, 0x60A1, 0x5860, 0xB4B1, 0xEFDF,
  0x0001, 0x6102, 0x6922, 0x6102, 0x6102, 0x6102, 0x60C1, 0x60E1, 0xCE38, 0xE75E, 0x8B0B, 0x7A27, 0x6102, 0x60E1, 0x68E1, 0x8B0B,
  0x0001, 0x6902, 0x6102, 0x6102, 0x6102, 0x6922, 0x60E1, 0x82A9, 0xDEFC, 0xCE38, 0x6964, 0x5880, 0x6102, 0x6102, 0x6902, 0x5860,
  0x5860, 0x6902, 0x6102, 0x6102, 0x5880, 0x6964, 0xCE38, 0xDEFC, 0x82A9, 0x60E1, 0x6922, 0x6102, 0x6102, 0x6102, 0x6902, 0x0001,
  0x8B0B, 0x68E1, 0x60E1, 0x6102, 0x7A27, 0x8B0B, 0xE75E, 0xCE38, 0x60E1, 0x60C1, 0x6102, 0x6102, 0x6102, 0x6922, 0x6102, 0x0001,
  0xEFDF, 0xB4B1, 0x5860, 0x60A1, 0xC5F7, 0xF7FF, 0x8B0B, 0x6964, 0x6922, 0x6102, 0x6102, 0x6102, 0x6902, 0x6902, 0x0001, 0x0001,
  0x934C, 0xF7DF, 0xA430, 0x58A0, 0xBD75, 0xC5F7, 0x7A27, 0x5880, 0x6102, 0x6102, 0x6102, 0x6102, 0x7122, 0x6102, 0x0001, 0x0001,
  0x5020, 0x8AA9, 0xEFBF, 0xAC50, 0x58A0, 0x60A1, 0x6102, 0x6102, 0x6102, 0x6102, 0x6902, 0x7122, 0x6102, 0x0001, 0x0001, 0x0001,
  0x6102, 0x6080, 0x82A9, 0xEFBF, 0xA430, 0x5860, 0x60E2, 0x6102, 0x6102, 0x6902, 0x6902, 0x6102, 0x0001, 0x0001, 0x0001, 0x0001,
  0x0001, 0x6102, 0x6080, 0x8AA9, 0xF7DF, 0xB4B1, 0x68E1, 0x6902, 0x6902, 0x6902, 0x0001, 0x0001, 0x0001, 0x0001, 0x0001, 0x0001,
  0x0001, 0x0001, 0x6902, 0x5020, 0x934C, 0xEFFF, 0x932B, 0x6081, 0x0001, 0x0001, 0x0001, 0x0001, 0x0001, 0x0001, 0x0001, 0x0001
};

const uint16_t ICON_SPORTS_24[576] PROGMEM = {
  0x0001, 0x0001, 0x0001, 0x0001, 0x0001, 0x0001, 0x0001, 0x0001, 0x0001, 0x0001, 0x0001, 0x0001, 0x0001, 0x0001, 0xBD75, 0xF7FF, 0xBD75, 0x5880, 0x60C1, 0x0001, 0x0001, 0x0001, 0x0001, 0x0001,
  0x0001, 0x0001, 0x0001, 0x0001, 0x0001, 0x0001, 0x0001, 0x0001, 0x0001, 0x0001, 0x6102, 0x6102, 0x6102, 0x68E1, 0x8207, 0xE6FC, 0xFFFF, 0xAC71, 0x60A0, 0x6902, 0x6102, 0x6902, 0x0001, 0x0001,
  0x0001, 0x0001, 0x0001, 0x0001, 0x0001, 0x0001, 0x0001, 0x0001, 0x6102, 0x6902, 0x6922, 0x6902, 0x6902, 0x6102, 0x58A0, 0x7184, 0xD67A, 0xF7FF, 0xAC51, 0x5880, 0x60E1, 0x7122, 0x6102, 0x0001,
  0x0001, 0x0001, 0x0001, 0x0001, 0x0001, 0x0001, 0x0001, 0x6902, 0x6922, 0x6902, 0x6102, 0x6102, 0x6102, 0x6102, 0x6102, 0x58A0, 0x7184, 0xD67A, 0xF7FF, 0xAC51, 0x5880, 0x60E1, 0x6102, 0x0001,
  0x0001, 0x0001, 0x0001, 0x0001, 0x0001, 0x0001, 0x6902, 0x6902, 0x6102, 0x6102, 0x6102, 0x6102, 0x6102, 0x6102, 0x6102, 0x6102, 0x5880, 0x6964, 0xD67A, 0xF7FF, 0xAC51, 0x5880, 0x68E2, 0x0001,
  0x0001, 0x0001, 0x0001, 0x0001, 0x0001, 0x6902, 0x6902, 0x6102, 0x6102, 0x6102, 0x6102, 0x6102, 0x6102, 0x6102, 0x60E1, 0x60A1, 0x60C1, 0x60E1, 0x7184, 0xD67A, 0xF7FF, 0xAC51, 0x60A0, 0x60C1,
  0x0001, 0x0001, 0x0001, 0x0001, 0x6902, 0x6902, 0x6102, 0x6102, 0x6102, 0x6102, 0x6102, 0x6102, 0x6102, 0x58A0, 0x932B, 0xBD55, 0xACB2, 0xD67A, 0x60E1, 0x6964, 0xD67A, 0xF7FF, 0xAC71, 0x5880,
  0x0001, 0x0001, 0x0001, 0x6102, 0x6902, 0x6102, 0x6102, 0x6102, 0x6102, 0x6102, 0x6102, 0x6102, 0x60C1, 0x5880, 0x8289, 0xEFDF, 0xF7FF, 0xACD2, 0x60C1, 0x5880, 0x7184, 0xD67A, 0xFFFF, 0xBD55,
  0x0001, 0x0001, 0x6102, 0x6922, 0x6102, 0x6102, 0x6102, 0x6102, 0x6102, 0x6102, 0x6102, 0x6102, 0x7A48, 0x6923, 0xA430, 0xE79E, 0xEFBF, 0xBD55, 0x60A1, 0x6102, 0x58A0, 0x7184, 0xE6FB, 0xF7FF,
  0x0001, 0x0001, 0x6102, 0x6902, 0x6102, 0x6102, 0x6102, 0x6102, 0x6102, 0x6102, 0x60E1, 0x6923, 0xD69A, 0xD69A, 0xE77E, 0xA430, 0x8289, 0x932B, 0x60E1, 0x6102, 0x6102, 0x58A0, 0x8227, 0xBD75,
  0x0001, 0x6102, 0x6902, 0x6102, 0x6102, 0x6102, 0x6102, 0x6102, 0x6102, 0x60E1, 0x60E1, 0x58A0, 0xBD75, 0xFFFF, 0xD69A, 0x6922, 0x5880, 0x58A0, 0x6102, 0x6102, 0x6102, 0x6102, 0x68E1, 0x0001,
  0x0001, 0x6102, 0x6902, 0x6102, 0x6102, 0x6102, 0x6102, 0x6102, 0x6102, 0x6923, 0x58A0, 0xAC71, 0xEFBF, 0xBD75, 0xD69A, 0x7A48, 0x60A1, 0x6102, 0x6102, 0x6102, 0x6102, 0x6902, 0x6102, 0x0001,
  0x0001, 0x6102, 0x6902, 0x6102, 0x6102, 0x6102, 0x6102, 0x60A1, 0x7A48, 0xD69A, 0xBD75, 0xEFBF, 0xAC71, 0x58A0, 0x6923, 0x6102, 0x6102, 0x6102, 0x6102, 0x6102, 0x6102, 0x6902, 0x6102, 0x0001,
  0x0001, 0x68E1, 0x6102, 0x6102, 0x6102, 0x6102, 0x58A0, 0x5880, 0x6922, 0xD69A, 0xFFFF, 0xBD75, 0x58A0, 0x60E1, 0x60E1, 0x6102, 0x6102, 0x6102, 0x6102, 0x6102, 0x6102, 0x6902, 0x6102, 0x0001,
  0xBD75, 0x8227, 0x58A0, 0x6102, 0x6102, 0x60E1, 0x932B, 0x8289, 0xA430, 0xE77E, 0xD69A, 0xD69A, 0x6923, 0x60E1, 0x6102, 0x6102, 0x6102, 0x6102, 0x6102, 0x6102, 0x6902, 0x6102, 0x0001, 0x0001,
  0xF7FF, 0xE6FB, 0x7184, 0x58A0, 0x6102, 0x60A1, 0xBD55, 0xEFBF, 0xE79E, 0xA430, 0x6923, 0x7A48, 0x6102, 0x6102, 0x6102, 0x6102, 0x6102, 0x6102, 0x6102, 0x6102, 0x6922, 0x6102, 0x0001, 0x0001,
  0xBD55, 0xFFFF, 0xD67A, 0x7184, 0x5880, 0x60C1, 0xACD2, 0xF7FF, 0xEFDF, 0x8289, 0x5880, 0x60C1, 0x6102, 0x6102, 0x6102, 0x6102, 0x6102, 0x6102, 0x6102, 0x6902, 0x6102, 0x0001, 0x0001, 0x0001,
  0x5880, 0xAC71, 0xF7FF, 0xD67A, 0x6964, 0x60E1, 0xD67A, 0xACB2, 0xBD55, 0x932B, 0x58A0, 0x6102, 0x6102, 0x6102, 0x6102, 0x6102, 0x6102, 0x6102, 0x6902, 0x6902, 0x0001, 0x0001, 0x0001, 0x0001,
  0x60C1, 0x60A0, 0xAC51, 0xF7FF, 0xD67A, 0x7184, 0x60E1, 0x60C1, 0x60A1, 0x60E1, 0x6102, 0x6102, 0x6102, 0x6102, 0x6102, 0x6102, 0x6102, 0x6902, 0x6902, 0x0001, 0x0001, 0x0001, 0x0001, 0x0001,
  0x0001, 0x68E2, 0x5880, 0xAC51, 0xF7FF, 0xD67A, 0x6964, 0x5880, 0x6102, 0x6102, 0x6102, 0x6102, 0x6102, 0x6102, 0x6102, 0x6102, 0x6902, 0x6902, 0x0001, 0x0001, 0x0001, 0x0001, 0x0001, 0x0001,
  0x0001, 0x6102, 0x60E1, 0x5880, 0xAC51, 0xF7FF, 0xD67A, 0x7184, 0x58A0, 0x6102, 0x6102, 0x6102, 0x6102, 0x6102, 0x6902, 0x6922, 0x6902, 0x0001, 0x0001, 0x0001, 0x0001, 0x0001, 0x0001, 0x0001,
  0x0001, 0x6102, 0x7122, 0x60E1, 0x5880, 0xAC51, 0xF7FF, 0xD67A, 0x7184, 0x58A0, 0x6102, 0x6902, 0x6902, 0x6922, 0x6902, 0x6102, 0x0001, 0x0001, 0x0001, 0x0001, 0x0001, 0x0001, 0x0001, 0x0001,
  0x0001, 0x0001, 0x6902, 0x6102, 0x6902, 0x60A0, 0xAC71, 0xFFFF, 0xE6FC, 0x8207, 0x68E1, 0x6102, 0x6102, 0x6102, 0x0001, 0x0001, 0x0001, 0x0001, 0x0001, 0x0001, 0x0001, 0x0001, 0x0001, 0x0001,
  0x0001, 0x0001, 0x0001, 0x0001, 0x0001, 0x60C1, 0x5880, 0xBD75, 0xF7FF, 0xBD75, 0x0001, 0x0001, 0x0001, 0x0001, 0x0001, 0x0001, 0x0001, 0x0001, 0x0001, 0x0001, 0x0001, 0x0001, 0x0001, 0x0001
};

const uint16_t ICON_FINANCE_16[256] PROGMEM = {
  0x0001, 0xE75D, 0xEFBF, 0xE75D, 0xE75D, 0xE75D, 0xE75E, 0xE75D, 0xE75D, 0xE75E, 0xE75D, 0xE73D, 0xE77E, 0xEFFF, 0xE7FF, 0x0001,
  0xE75D, 0xFFFF, 0xE79E, 0xE79E, 0xF7DF, 0xE79E, 0xE77E, 0xEFBF, 0xEFBF, 0xE77E, 0xE79E, 0xF7DF, 0xE77E, 0xF453, 0xFE19, 0xE7DF,
  0xE75D, 0xE79E, 0xC69B, 0xCEBB, 0xDF3D, 0xCEBB, 0xCE9B, 0xD6FC, 0xD6FC, 0xCE9B, 0xCEBB, 0xDF9E, 0xD493, 0xD823, 0xF412, 0xE7FF,
  0xE75D, 0xE79E, 0xCEBB, 0xD6DC, 0xDF3D, 0xCEDB, 0xCEBB, 0xDF1C, 0xDF1C, 0xCEBB, 0xCEFC, 0xDF1C, 0xD9EA, 0xD907, 0xEE9B, 0xE7BF,
  0xE75D, 0xF7DF, 0xDF3D, 0xDF3D, 0xE73D, 0xDF3D, 0xDF3D, 0xDF3D, 0xDF3D, 0xDF1D, 0xDFBF, 0xDC93, 0xD865, 0xDB90, 0xF7FF, 0xE75D,
  0xE75D, 0xE77E, 0xCEBB, 0xCEDB, 0xDF3D, 0xCEDB, 0xCEBB, 0xD6FC, 0xD6FC, 0xCEDC, 0xCE7A, 0xD9C9, 0xD947, 0xCDF8, 0xE7BF, 0xE75D,
  0xE75D, 0xE77E, 0xCE9B, 0xCEBB, 0xDF5D, 0xCEDC, 0xCEDC, 0xD6FC, 0xD6FC, 0xC71D, 0xD411, 0xD885, 0xD390, 0xC71C, 0xE77E, 0xE75D,
  0xE75D, 0xEFBF, 0xD6FC, 0xDF7E, 0xDCF5, 0xD9EA, 0xD5B8, 0xDF9E, 0xDF5D, 0xD67A, 0xD988, 0xD968, 0xDE7A, 0xD73D, 0xEFBF, 0xE75D,
  0xE75D, 0xEFBF, 0xD73D, 0xDEBB, 0xD9C9, 0xD885, 0xD989, 0xE619, 0xDFFF, 0xDBF1, 0xD865, 0xDC32, 0xDF9E, 0xD6FC, 0xEFBF, 0xE75D,
  0xE75D, 0xE77E, 0xC71D, 0xD3F1, 0xD8C6, 0xDA4B, 0xD907, 0xD9C9, 0xD4F5, 0xD988, 0xD9A9, 0xDEDB, 0xCEFC, 0xCE9B, 0xE77E, 0xE75D,
  0xE75D, 0xE7BF, 0xCE19, 0xD968, 0xD988, 0xCE7A, 0xD473, 0xD8E6, 0xD927, 0xD8E6, 0xD432, 0xDF9F, 0xCEDB, 0xCEBB, 0xE77E, 0xE75D,
  0xE75D, 0xF7FF, 0xDBB0, 0xD864, 0xDC53, 0xDFBF, 0xDF9E, 0xDC73, 0xD8A5, 0xD9C9, 0xDEFC, 0xE77E, 0xDF3D, 0xDF3D, 0xF7DF, 0xE75D,
  0xE7BF, 0xEE9B, 0xD927, 0xD9CA, 0xDEFC, 0xCEFC, 0xCEDB, 0xD75D, 0xDD15, 0xCD76, 0xCF1C, 0xDF3D, 0xD6DC, 0xCEBB, 0xE79E, 0xE75D,
  0xE7FF, 0xF412, 0xD823, 0xD493, 0xDF9E, 0xCEBB, 0xCE9B, 0xD6FC, 0xD75E, 0xC6DC, 0xCEBB, 0xDF3D, 0xCEBB, 0xC69B, 0xE79E, 0xE77D,
  0xE7DF, 0xFE19, 0xF453, 0xE77E, 0xF7DF, 0xE79E, 0xE77E, 0xEFBF, 0xEFBF, 0xE77E, 0xE79E, 0xF7DF, 0xE79E, 0xE79E, 0xFFFF, 0xE75D,
  0x0001, 0xE7FF, 0xEFFF, 0xE77E, 0xE73D, 0xE75D, 0xE75E, 0xE75D, 0xE75D, 0xE75E, 0xE75D, 0xE75D, 0xE75D, 0xEFBF, 0xE75D, 0x0001
};

const uint16_t ICON_FINANCE_24[576] PROGMEM = {
  0x0001, 0x0001, 0x0001, 0x0001, 0x0001, 0x0001, 0x0001, 0x0001, 0x0001, 0x0001, 0x0001, 0x0001, 0x0001, 0x0001, 0x0001, 0x0001, 0x0001, 0x0001, 0x0001, 0x0001, 0x0001, 0x0001, 0x0001, 0x0001,
  0x0001, 0xDF3D, 0xF7DF, 0xF7DF, 0xEFBF, 0xEFBF, 0xF7DF, 0xEFBF, 0xEFBF, 0xEFBF, 0xEFBF, 0xF7BF, 0xF7BF, 0xEFBF, 0xEFBF, 0xEFBF, 0xEFBF, 0xF7DF, 0xEFBF, 0xEFFF, 0xF77E, 0xF7DF, 0xDF5E, 0x0001,
  0x0001, 0xF7DF, 0xDF1D, 0xCEBB, 0xCEBB, 0xCEDB, 0xE75D, 0xD6FC, 0xCEBB, 0xCEBB, 0xCEBB, 0xDF3D, 0xDF3D, 0xCEBB, 0xCEBB, 0xCEBB, 0xD6FC, 0xE75D, 0xCF3D, 0xD4B4, 0xD968, 0xE370, 0xF7DF, 0x0001,
  0x0001, 0xF7DF, 0xCEBB, 0xCEBB, 0xCEBB, 0xCEBB, 0xE75D, 0xD6FC, 0xCEBB, 0xCEBB, 0xCEBB, 0xDF1D, 0xDF1D, 0xCEBB, 0xCEBB, 0xCEBB, 0xD6FC, 0xE77E, 0xCE7A, 0xD9A9, 0xD8E6, 0xD988, 0xF77E, 0x0001,
  0x0001, 0xEFBF, 0xCEBB, 0xCEBB, 0xCEBB, 0xCEBB, 0xE75D, 0xD6FC, 0xCEBB, 0xCEBB, 0xCEBB, 0xDF1D, 0xDF1D, 0xCEBB, 0xCEBB, 0xCEBB, 0xD6FC, 0xE7BF, 0xD412, 0xD906, 0xD907, 0xDB6F, 0xEFFF, 0x0001,
  0x0001, 0xEFBF, 0xCEDB, 0xCEBB, 0xCEBB, 0xCEDB, 0xE75D, 0xD6FC, 0xCEBB, 0xCEBB, 0xCEBB, 0xDF1D, 0xDF1D, 0xCEBB, 0xCEBB, 0xCEBB, 0xD73D, 0xE6BB, 0xD9A9, 0xD927, 0xD988, 0xD619, 0xEFFF, 0x0001,
  0x0001, 0xF7DF, 0xE75D, 0xE75D, 0xE75D, 0xE75D, 0xE75D, 0xE75D, 0xE75D, 0xE75D, 0xE75D, 0xE75D, 0xE75D, 0xE75D, 0xE75D, 0xE75D, 0xE7BF, 0xDC11, 0xD906, 0xD8E6, 0xE3F1, 0xE7BF, 0xF7DF, 0x0001,
  0x0001, 0xEFBF, 0xD6FC, 0xD6FC, 0xD6FC, 0xD6FC, 0xE75D, 0xDF1C, 0xD6FC, 0xD6FC, 0xD6FC, 0xDF3D, 0xDF3D, 0xD6FC, 0xD6FC, 0xD73D, 0xD65A, 0xD989, 0xD927, 0xD9A9, 0xD65A, 0xD73D, 0xEFBF, 0x0001,
  0x0001, 0xEFBF, 0xCEBB, 0xCEBB, 0xCEBB, 0xCEBB, 0xE75D, 0xD6DC, 0xCEBB, 0xCEBB, 0xCEBB, 0xDF1D, 0xDF1D, 0xCEBB, 0xCEBB, 0xCF1C, 0xD36F, 0xD907, 0xD907, 0xD3F1, 0xCF1D, 0xCEBB, 0xEFBF, 0x0001,
  0x0001, 0xEFBF, 0xCEBB, 0xCEBB, 0xCEBB, 0xCEBB, 0xE75D, 0xD73D, 0xCEFC, 0xCEBB, 0xCEBB, 0xDF1D, 0xDF1D, 0xCEBB, 0xCEFC, 0xCDD8, 0xD968, 0xD927, 0xD9C9, 0xCE5A, 0xCEDC, 0xCEBB, 0xEFBF, 0x0001,
  0x0001, 0xEFBF, 0xCEBB, 0xCEBB, 0xCEBB, 0xCEBB, 0xE77E, 0xDD77, 0xCD56, 0xCEFC, 0xCEBB, 0xDF1D, 0xDF1D, 0xCEBB, 0xCF1C, 0xD34F, 0xD907, 0xD906, 0xD412, 0xCF1D, 0xCEBB, 0xCEBB, 0xEFBF, 0x0001,
  0x0001, 0xF7DF, 0xDF3D, 0xDF1D, 0xDF1D, 0xDF9E, 0xDD97, 0xD906, 0xD906, 0xDC73, 0xDF9E, 0xDF5D, 0xDF3D, 0xDF7E, 0xDDF8, 0xD948, 0xD927, 0xD9EA, 0xDEFC, 0xDF5D, 0xDF1D, 0xDF3D, 0xF7DF, 0x0001,
  0x0001, 0xF7DF, 0xDF3D, 0xDF1D, 0xDF3D, 0xDF3D, 0xDA6C, 0xD907, 0xD948, 0xD907, 0xDC93, 0xE7BF, 0xDF5D, 0xDF7E, 0xDB2E, 0xD907, 0xD906, 0xDCB4, 0xDF9E, 0xDF1D, 0xDF1D, 0xDF3D, 0xF7DF, 0x0001,
  0x0001, 0xEFBF, 0xCEBB, 0xCEBB, 0xCF1D, 0xD494, 0xD907, 0xD968, 0xD927, 0xD947, 0xD907, 0xDC93, 0xDFDF, 0xCD76, 0xD927, 0xD927, 0xDA2B, 0xE71D, 0xCEDC, 0xCEBB, 0xCEBB, 0xCEBB, 0xEFBF, 0x0001,
  0x0001, 0xEFBF, 0xCEBB, 0xCEDC, 0xCE9B, 0xDA0A, 0xD927, 0xD988, 0xD34F, 0xD948, 0xD927, 0xD927, 0xDC93, 0xDAEE, 0xD907, 0xD907, 0xDCF5, 0xE7BF, 0xCEBB, 0xCEBB, 0xCEBB, 0xCEBB, 0xEFBF, 0x0001,
  0x0001, 0xEFBF, 0xCEBB, 0xCF1D, 0xD452, 0xD907, 0xD907, 0xD30E, 0xCF5D, 0xD452, 0xD907, 0xD947, 0xD927, 0xD968, 0xD927, 0xD24B, 0xD6FC, 0xE75E, 0xCEBB, 0xCEBB, 0xCEBB, 0xCEBB, 0xEFBF, 0x0001,
  0x0001, 0xEFBF, 0xD73D, 0xD67A, 0xD9C9, 0xD927, 0xD968, 0xD5F8, 0xD75D, 0xD75D, 0xDC73, 0xD907, 0xD948, 0xD968, 0xD907, 0xD515, 0xD77E, 0xE75D, 0xD6FC, 0xD6FC, 0xD6FC, 0xD6FC, 0xEFBF, 0x0001,
  0x0001, 0xF7DF, 0xE7BF, 0xE432, 0xD8E6, 0xD906, 0xDBB0, 0xE7BF, 0xE75D, 0xE75D, 0xE7BF, 0xDC93, 0xD907, 0xD8A5, 0xDA8C, 0xE75E, 0xE75D, 0xE75D, 0xE75D, 0xE75D, 0xE75D, 0xE75D, 0xF7DF, 0x0001,
  0x0001, 0xEFFF, 0xD639, 0xD988, 0xD927, 0xD988, 0xE69B, 0xD73D, 0xCEBB, 0xCEBB, 0xCEDB, 0xDF7E, 0xDCD5, 0xD2EE, 0xD5D8, 0xCEFC, 0xD6FC, 0xE75D, 0xCEDB, 0xCEBB, 0xCEBB, 0xCEDB, 0xEFBF, 0x0001,
  0x0001, 0xEFFF, 0xDB6F, 0xD907, 0xD906, 0xD3F1, 0xE7BF, 0xD6FC, 0xCEBB, 0xCEBB, 0xCEBB, 0xDF3D, 0xDF7E, 0xCF1D, 0xCEFC, 0xCEBB, 0xD6FC, 0xE75D, 0xCEBB, 0xCEBB, 0xCEBB, 0xCEBB, 0xEFBF, 0x0001,
  0x0001, 0xF77E, 0xD988, 0xD8E6, 0xD9A9, 0xCE5A, 0xE77E, 0xD6FC, 0xCEBB, 0xCEBB, 0xCEBB, 0xDF1D, 0xDF1D, 0xCEBB, 0xCEBB, 0xCEBB, 0xD6FC, 0xE75D, 0xCEBB, 0xCEBB, 0xCEBB, 0xCEBB, 0xF7DF, 0x0001,
  0x0001, 0xF7DF, 0xE390, 0xD968, 0xD4B4, 0xCF3D, 0xE75D, 0xD6FC, 0xCEBB, 0xCEBB, 0xCEBB, 0xDF3D, 0xDF3D, 0xCEBB, 0xCEBB, 0xCEBB, 0xD6FC, 0xE75D, 0xCEDB, 0xCEBB, 0xCEBB, 0xDF1D, 0xF7DF, 0x0001,
  0x0001, 0xDF5D, 0xF7DF, 0xF77E, 0xEFFF, 0xEFBF, 0xF7DF, 0xEFBF, 0xEFBF, 0xEFBF, 0xEFBF, 0xF7BF, 0xF7BF, 0xEFBF, 0xEFBF, 0xEFBF, 0xEFBF, 0xF7DF, 0xEFBF, 0xEFBF, 0xF7DF, 0xF7DF, 0xDF3D, 0x0001,
  0x0001, 0x0001, 0x0001, 0x0001, 0x0001, 0x0001, 0x0001, 0x0001, 0x0001, 0x0001, 0x0001, 0x0001, 0x0001, 0x0001, 0x0001, 0x0001, 0x0001, 0x0001, 0x0001, 0x0001, 0x0001, 0x0001, 0x0001, 0x0001
};

const uint16_t ICON_MONEY_16[256] PROGMEM = {
  0x0001, 0x0001, 0x0001, 0x0001, 0x0001, 0xFED1, 0xFED1, 0xFED1, 0xFED1, 0xFED1, 0xFED0, 0x0001, 0x0001, 0x0001, 0x0001, 0x0001,
  0x0001, 0x0001, 0x0001, 0x0001, 0x0001, 0xFED1, 0xFF92, 0xFF11, 0xFF11, 0xFF92, 0xFED1, 0x0001, 0x0001, 0x0001, 0x0001, 0x0001,
  0x0001, 0x0001, 0x0001, 0x0001, 0x0001, 0xC3AB, 0xDC6C, 0xCC2B, 0xCC2B, 0xDC6C, 0xC3CB, 0x0001, 0x0001, 0x0001, 0x0001, 0x0001,
  0x0001, 0x0001, 0x0001, 0x0001, 0x0001, 0xEDCF, 0xF670, 0xF62F, 0xF62F, 0xF670, 0xEDCF, 0x0001, 0x0001, 0x0001, 0x0001, 0x0001,
  0x0001, 0x0001, 0x0001, 0x0001, 0x0001, 0xFF11, 0xFF11, 0xF6B1, 0xF6B1, 0xFF11, 0xFF11, 0x0001, 0x0001, 0x0001, 0x0001, 0x0001,
  0x0001, 0x0001, 0x0001, 0x0001, 0xFED1, 0xFF32, 0xFF31, 0x9490, 0x8C70, 0xFF11, 0xFF52, 0xFED1, 0x0001, 0x0001, 0x0001, 0x0001,
  0x0001, 0x0001, 0x0001, 0xFEB0, 0xFF52, 0xFEB0, 0xA4F0, 0x6BAF, 0x6BAF, 0x8450, 0xE630, 0xFF72, 0xFEB0, 0x0001, 0x0001, 0x0001,
  0x0001, 0x0001, 0x0001, 0xFF52, 0xFF11, 0xC590, 0x638F, 0xEE70, 0xF691, 0x9CB0, 0xCDB0, 0xFEF1, 0xFF52, 0x0001, 0x0001, 0x0001,
  0x0001, 0x0001, 0xFF11, 0xFEF1, 0xFEF1, 0xD5F0, 0x638F, 0xB530, 0xF691, 0xFF31, 0xFEF1, 0xFEB1, 0xFF32, 0xFED1, 0x0001, 0x0001,
  0x0001, 0xFEB1, 0xFF32, 0xFEB0, 0xFED1, 0xFEF1, 0xD5F0, 0x7C30, 0x63AF, 0x9CD0, 0xF6B1, 0xFED1, 0xFEF1, 0xFEB0, 0x0001, 0x0001,
  0x0001, 0xFEF1, 0xFED1, 0xFED1, 0xFED1, 0xFED1, 0xFF31, 0xFF11, 0xDE30, 0x6BAF, 0x9CD0, 0xFF11, 0xFED1, 0xFF11, 0x0001, 0x0001,
  0x0001, 0xFEB1, 0xFF32, 0xFED1, 0xFEF1, 0xAD10, 0x9CD0, 0xEE90, 0xF6B1, 0x7C10, 0x9CD0, 0xFF11, 0xFED1, 0xFF11, 0xFEB0, 0x0001,
  0x0001, 0xFED0, 0xFF52, 0xFED1, 0xFEF1, 0xD5F0, 0x7C10, 0x6BCF, 0x6BAF, 0x9490, 0xF690, 0xFED1, 0xFED1, 0xFED1, 0xFF11, 0x0001,
  0x0001, 0xFEB0, 0xFF93, 0xFEB0, 0xFEB1, 0xFEF1, 0xFF11, 0x8C70, 0x8450, 0xFF11, 0xFED1, 0xFEB1, 0xFEB0, 0xFF72, 0xFEB0, 0x0001,
  0x0001, 0x0001, 0xFEF1, 0xFF52, 0xFEF1, 0xFEF1, 0xFF11, 0xF691, 0xEE91, 0xFF11, 0xFEF1, 0xFEF1, 0xFF72, 0xFEF1, 0x0001, 0x0001,
  0x0001, 0x0001, 0x0001, 0xFEF1, 0xFEF1, 0xFED1, 0xFEB1, 0xFED1, 0xFED1, 0xFEB1, 0xFED1, 0xFEF1, 0xFEF1, 0x0001, 0x0001, 0x0001
};

const uint16_t ICON_MONEY_24[576] PROGMEM = {
  0x0001, 0x0001, 0x0001, 0x0001, 0x0001, 0x0001, 0x0001, 0xFED1, 0xFF32, 0xFEB1, 0xFEB1, 0xFED1, 0xFEF1, 0xFED1, 0xFEB1, 0xFF32, 0xFED0, 0x0001, 0x0001, 0x0001, 0x0001, 0x0001, 0x0001, 0x0001,
  0x0001, 0x0001, 0x0001, 0x0001, 0x0001, 0x0001, 0x0001, 0xFEB1, 0xFF93, 0xFF32, 0xFF32, 0xFEF1, 0xFEF1, 0xFF32, 0xFF32, 0xFF93, 0xFED0, 0x0001, 0x0001, 0x0001, 0x0001, 0x0001, 0x0001, 0x0001,
  0x0001, 0x0001, 0x0001, 0x0001, 0x0001, 0x0001, 0x0001, 0x0001, 0xFF52, 0xFF11, 0xFF11, 0xFF11, 0xFF11, 0xFF11, 0xFF11, 0xFF52, 0x0001, 0x0001, 0x0001, 0x0001, 0x0001, 0x0001, 0x0001, 0x0001,
  0x0001, 0x0001, 0x0001, 0x0001, 0x0001, 0x0001, 0x0001, 0x0001, 0xCC2B, 0xD46C, 0xCC2C, 0xCC2C, 0xCC2C, 0xCC2C, 0xD46C, 0xCC2B, 0x0001, 0x0001, 0x0001, 0x0001, 0x0001, 0x0001, 0x0001, 0x0001,
  0x0001, 0x0001, 0x0001, 0x0001, 0x0001, 0x0001, 0x0001, 0x0001, 0xC36A, 0xD46C, 0xD42C, 0xCC2C, 0xCC2C, 0xD42C, 0xD46C, 0xC36A, 0x0001, 0x0001, 0x0001, 0x0001, 0x0001, 0x0001, 0x0001, 0x0001,
  0x0001, 0x0001, 0x0001, 0x0001, 0x0001, 0x0001, 0x0001, 0x0001, 0xFF11, 0xFF52, 0xFF11, 0xFF11, 0xFF11, 0xFF11, 0xFF52, 0xFF11, 0x0001, 0x0001, 0x0001, 0x0001, 0x0001, 0x0001, 0x0001, 0x0001,
  0x0001, 0x0001, 0x0001, 0x0001, 0x0001, 0x0001, 0x0001, 0xFEB0, 0xFF52, 0xFED1, 0xFED1, 0xFEF1, 0xFEF1, 0xFED1, 0xFED1, 0xFF52, 0xFEB0, 0x0001, 0x0001, 0x0001, 0x0001, 0x0001, 0x0001, 0x0001,
  0x0001, 0x0001, 0x0001, 0x0001, 0x0001, 0x0001, 0x0001, 0xFF32, 0xFED1, 0xFED1, 0xFED1, 0xB530, 0xAD10, 0xFED1, 0xFED1, 0xFED1, 0xFF32, 0x0001, 0x0001, 0x0001, 0x0001, 0x0001, 0x0001, 0x0001,
  0x0001, 0x0001, 0x0001, 0x0001, 0x0001, 0x0001, 0xFEF1, 0xFF11, 0xFEB1, 0xFF11, 0xFEB0, 0x638F, 0x5B6F, 0xEE70, 0xFF11, 0xFED1, 0xFEF1, 0xFEF1, 0x0001, 0x0001, 0x0001, 0x0001, 0x0001, 0x0001,
  0x0001, 0x0001, 0x0001, 0x0001, 0x0001, 0xFED1, 0xFF32, 0xFEB0, 0xFEF1, 0xDE10, 0x8450, 0x5B6F, 0x5B6F, 0x73F0, 0xB550, 0xF6B1, 0xFED1, 0xFF32, 0xFED1, 0x0001, 0x0001, 0x0001, 0x0001, 0x0001,
  0x0001, 0x0001, 0x0001, 0x0001, 0xFEB1, 0xFF72, 0xFEB1, 0xFEF1, 0xDE10, 0x638F, 0x63AF, 0xA510, 0xAD30, 0x7C10, 0x42EF, 0xA4D0, 0xFF11, 0xFEB1, 0xFF72, 0xFEB1, 0x0001, 0x0001, 0x0001, 0x0001,
  0x0001, 0x0001, 0x0001, 0x0001, 0xFEF1, 0xFEF1, 0xFED1, 0xFEF1, 0xA4F0, 0x532F, 0xCDD0, 0xFF51, 0xFF11, 0xFEB1, 0xB530, 0xCDB0, 0xFEF1, 0xFED1, 0xFEF1, 0xFEF1, 0x0001, 0x0001, 0x0001, 0x0001,
  0x0001, 0x0001, 0x0001, 0xFEF1, 0xFF11, 0xFED1, 0xFED1, 0xFEF1, 0xB530, 0x4B2F, 0x94B0, 0xEE90, 0xFEF1, 0xFF11, 0xFF11, 0xFEF1, 0xFED1, 0xFED1, 0xFED1, 0xFF52, 0xFEB1, 0x0001, 0x0001, 0x0001,
  0x0001, 0x0001, 0xFEF1, 0xFF32, 0xFEB0, 0xFED1, 0xFED1, 0xFED1, 0xF691, 0x9490, 0x534F, 0x638F, 0x9CB0, 0xD5F0, 0xFED1, 0xFEF1, 0xFED1, 0xFED1, 0xFED1, 0xFF11, 0xFEB1, 0x0001, 0x0001, 0x0001,
  0x0001, 0xFED1, 0xFF72, 0xFEB1, 0xFED1, 0xFED1, 0xFED1, 0xFED1, 0xFED1, 0xFED1, 0xCDD0, 0x8C70, 0x5B6F, 0x534F, 0x8C70, 0xEE70, 0xFEF1, 0xFED1, 0xFED1, 0xFEF1, 0xFED1, 0x0001, 0x0001, 0x0001,
  0x0001, 0xFEB0, 0xFF52, 0xFED1, 0xFED1, 0xFED1, 0xFED1, 0xFED1, 0xFEF1, 0xFEF1, 0xFEF1, 0xFEF1, 0xE630, 0x9490, 0x532F, 0x8C70, 0xFED1, 0xFED1, 0xFED1, 0xFED1, 0xFF11, 0x0001, 0x0001, 0x0001,
  0x0001, 0xFEB1, 0xFF52, 0xFED1, 0xFED1, 0xFED1, 0xFED1, 0xFED1, 0xDE30, 0xF690, 0xFF11, 0xFEF1, 0xFF11, 0xFED1, 0x73F0, 0x6BAF, 0xF690, 0xFED1, 0xFED1, 0xFED1, 0xFF11, 0xFED1, 0x0001, 0x0001,
  0x0001, 0x0001, 0xFED1, 0xFF11, 0xFED1, 0xFED1, 0xFED1, 0xF690, 0x6BAF, 0x73F0, 0xC5B0, 0xF690, 0xF691, 0xBD70, 0x5B6F, 0x8C50, 0xFED1, 0xFED1, 0xFED1, 0xFED1, 0xFEB1, 0xFF72, 0xFEB1, 0x0001,
  0x0001, 0x0001, 0xFED0, 0xFF11, 0xFED1, 0xFED1, 0xFED1, 0xFED1, 0xB550, 0x638F, 0x534F, 0x6BCF, 0x6BD0, 0x534F, 0x73F0, 0xE630, 0xFEF1, 0xFED1, 0xFED1, 0xFED1, 0xFED1, 0xFF52, 0xFED0, 0x0001,
  0x0001, 0x0001, 0xFED1, 0xFEF1, 0xFED1, 0xFED1, 0xFED1, 0xFED1, 0xFEF1, 0xEE70, 0xBD50, 0x638F, 0x638F, 0xBD50, 0xF6B1, 0xFEF1, 0xFED1, 0xFED1, 0xFED1, 0xFED1, 0xFEB1, 0xFF72, 0xFEB0, 0x0001,
  0x0001, 0x0001, 0xFED0, 0xFF32, 0xFEB1, 0xFED1, 0xFED1, 0xFED1, 0xFED1, 0xFEF1, 0xFED1, 0x6BCF, 0x63AF, 0xFEB1, 0xFEF1, 0xFED1, 0xFED1, 0xFED1, 0xFED1, 0xFEB0, 0xFF32, 0xFEF1, 0x0001, 0x0001,
  0x0001, 0x0001, 0x0001, 0xFF11, 0xFF11, 0xFEB0, 0xFED1, 0xFED1, 0xFED1, 0xFED1, 0xFED1, 0xDE10, 0xD5F0, 0xFED1, 0xFED1, 0xFED1, 0xFED1, 0xFED1, 0xFEB1, 0xFF31, 0xFEF1, 0x0001, 0x0001, 0x0001,
  0x0001, 0x0001, 0x0001, 0x0001, 0xFEF1, 0xFF52, 0xFEF1, 0xFEF1, 0xFEF1, 0xFEF1, 0xFEF1, 0xFF11, 0xFF11, 0xFEF1, 0xFEF1, 0xFEF1, 0xFEF1, 0xFEF1, 0xFF52, 0xFEF1, 0x0001, 0x0001, 0x0001, 0x0001,
  0x0001, 0x0001, 0x0001, 0x0001, 0x0001, 0xFF11, 0xFEF1, 0xFED1, 0xFED1, 0xFED1, 0xFED1, 0xFED1, 0xFED1, 0xFED1, 0xFED1, 0xFED1, 0xFED1, 0xFED1, 0xFEF1, 0x0001, 0x0001, 0x0001, 0x0001, 0x0001
};

const uint16_t ICON_RATES_16[256] PROGMEM = {
  0x0001, 0x0001, 0x0001, 0x0001, 0x0001, 0x0001, 0x0001, 0x638F, 0x638F, 0x0001, 0x0001, 0x0001, 0x0001, 0x0001, 0x0001, 0x0001,
  0x0001, 0x0001, 0x0001, 0x0001, 0x0001, 0x532E, 0x7411, 0xB619, 0xB619, 0x7411, 0x532E, 0x0001, 0x0001, 0x0001, 0x0001, 0x0001,
  0x0001, 0x0001, 0x0001, 0x0001, 0x63B0, 0x9D76, 0xCEBB, 0xD6FC, 0xD6FC, 0xCEBB, 0x9D76, 0x63B0, 0x0001, 0x0001, 0x0001, 0x0001,
  0x0001, 0x0001, 0x638F, 0x8CD4, 0xC67A, 0xDF1C, 0xD6DC, 0xCEDB, 0xCEDB, 0xD6DC, 0xDF1C, 0xC67A, 0x8CD4, 0x638F, 0x0001, 0x0001,
  0xA597, 0x8CD4, 0x9D77, 0xBE5A, 0xBE5A, 0xB619, 0xB619, 0xB639, 0xB639, 0xB619, 0xB619, 0xBE5A, 0xBE5A, 0x9D77, 0x8CD4, 0xA597,
  0xADF8, 0xC69B, 0xB619, 0xB5F8, 0xADF8, 0xB5F8, 0xB5F8, 0xB5F8, 0xB5F8, 0xB5F8, 0xB5F8, 0xADF8, 0xB5F8, 0xB619, 0xC69B, 0xADF8,
  0xD6DB, 0xDF5E, 0xCEBB, 0xCEBB, 0xCEBB, 0xCEBB, 0xCEBB, 0xCEBB, 0xCEBB, 0xCEBB, 0xCEBB, 0xCEBB, 0xCEBB, 0xCEBB, 0xDF5E, 0xD6DB,
  0xADD8, 0xBE5A, 0xB5F8, 0xB619, 0xB5F9, 0xB619, 0xB619, 0xB619, 0xB619, 0xB619, 0xB619, 0xB5F9, 0xB619, 0xB5F8, 0xBE5A, 0xADD8,
  0xA5B8, 0x9536, 0x9536, 0x84B3, 0x9515, 0x8CF5, 0x8493, 0x8493, 0x8493, 0x8493, 0x8CF5, 0x9515, 0x84B3, 0x9536, 0x9536, 0xA5B8,
  0x0001, 0xB619, 0xBE5A, 0x7411, 0xADD8, 0xA576, 0x5B6F, 0x638F, 0x638F, 0x5B6F, 0xA576, 0xADD8, 0x7411, 0xBE5A, 0xB619, 0x0001,
  0x0001, 0xD6FC, 0xDF3D, 0x7C52, 0xCEBB, 0xBE39, 0x5B6E, 0x3A29, 0x3A29, 0x5B6E, 0xBE39, 0xCEBB, 0x7C52, 0xDF3D, 0xD6FC, 0x0001,
  0x0001, 0xCEDB, 0xDF1D, 0x7C52, 0xC69B, 0xBE39, 0x4ACC, 0x2125, 0x2125, 0x4ACC, 0xBE39, 0xC69B, 0x7C52, 0xDF1D, 0xCEDB, 0x0001,
  0x0001, 0xCEDB, 0xDF1D, 0x7C52, 0xC69B, 0xBE39, 0x4ACC, 0x2145, 0x2145, 0x4ACC, 0xBE39, 0xC69B, 0x7C52, 0xDF1D, 0xCEDB, 0x0001,
  0x0001, 0xCEDB, 0xDF1D, 0x7C52, 0xCE9B, 0xBE39, 0x4AAB, 0x1904, 0x1904, 0x4AAB, 0xBE39, 0xCE9B, 0x7C52, 0xDF1D, 0xCEDB, 0x0001,
  0x0001, 0xB5F8, 0xBE5A, 0xA597, 0xB619, 0xBE5A, 0xC67A, 0xBE18, 0xBE18, 0xC67A, 0xBE5A, 0xB619, 0xA597, 0xBE5A, 0xB5F8, 0x0001,
  0xCEBB, 0xCEBB, 0xC67A, 0xCEBB, 0xCEBB, 0xEF7E, 0xFFFF, 0xFFFF, 0xFFFF, 0xFFFF, 0xEF7E, 0xCEBB, 0xCEBB, 0xC67A, 0xCEBB, 0xCEBB
};

const uint16_t ICON_RATES_24[576] PROGMEM = {
  0x0001, 0x0001, 0x0001, 0x0001, 0x0001, 0x0001, 0x0001, 0x0001, 0x0001, 0x0001, 0x0001, 0x638F, 0x638F, 0x0001, 0x0001, 0x0001, 0x0001, 0x0001, 0x0001, 0x0001, 0x0001, 0x0001, 0x0001, 0x0001,
  0x0001, 0x0001, 0x0001, 0x0001, 0x0001, 0x0001, 0x0001, 0x0001, 0x0001, 0x638F, 0x638F, 0x8493, 0x8493, 0x638F, 0x638F, 0x0001, 0x0001, 0x0001, 0x0001, 0x0001, 0x0001, 0x0001, 0x0001, 0x0001,
  0x0001, 0x0001, 0x0001, 0x0001, 0x0001, 0x0001, 0x0001, 0x0001, 0x5B6F, 0x7411, 0xA576, 0xCEDB, 0xCEDB, 0xA576, 0x7411, 0x5B6F, 0x0001, 0x0001, 0x0001, 0x0001, 0x0001, 0x0001, 0x0001, 0x0001,
  0x0001, 0x0001, 0x0001, 0x0001, 0x0001, 0x0001, 0x638F, 0x6BD0, 0x94F5, 0xC67A, 0xD6FC, 0xCEDB, 0xCEDB, 0xD6FC, 0xC67A, 0x94F5, 0x6BD0, 0x638F, 0x0001, 0x0001, 0x0001, 0x0001, 0x0001, 0x0001,
  0x0001, 0x0001, 0x0001, 0x0001, 0x638F, 0x5B8F, 0x8493, 0xB5F8, 0xD6FC, 0xD6DC, 0xCEBB, 0xCEBB, 0xCEBB, 0xCEBB, 0xD6DC, 0xD6FC, 0xB5F8, 0x8493, 0x5B8F, 0x638F, 0x0001, 0x0001, 0x0001, 0x0001,
  0x0001, 0x0001, 0x0001, 0x5B6F, 0x7432, 0xA597, 0xCEDC, 0xD6FC, 0xCEDB, 0xCEDB, 0xCEDB, 0xCEDB, 0xCEDB, 0xCEDB, 0xCEDB, 0xCEDB, 0xD6FC, 0xCEDC, 0xA597, 0x7432, 0x5B6F, 0x0001, 0x0001, 0x0001,
  0x0001, 0x8CF4, 0x7C73, 0x8CD4, 0xB619, 0xCEBB, 0xC67A, 0xC67A, 0xC67A, 0xC67A, 0xC67A, 0xC67A, 0xC67A, 0xC67A, 0xC67A, 0xC67A, 0xC67A, 0xC67A, 0xCEBB, 0xB619, 0x8CD4, 0x7C73, 0x8CF4, 0x0001,
  0xADD8, 0xB63A, 0xADF8, 0xADD8, 0xADB8, 0xA5B7, 0xA5B7, 0xA5B7, 0xA5B7, 0xA5B7, 0xA5B7, 0xA5B7, 0xA5B7, 0xA5B7, 0xA5B7, 0xA5B7, 0xA5B7, 0xA5B7, 0xA5B7, 0xADB8, 0xADD8, 0xADF8, 0xB63A, 0xADD8,
  0xADF8, 0xBE7A, 0xB619, 0xB619, 0xB619, 0xB619, 0xB619, 0xB619, 0xB619, 0xB619, 0xB619, 0xB619, 0xB619, 0xB619, 0xB619, 0xB619, 0xB619, 0xB619, 0xB619, 0xB619, 0xB619, 0xB619, 0xBE7A, 0xADF8,
  0x0001, 0xE75E, 0xD6DC, 0xD6DC, 0xD6DC, 0xD6DC, 0xD6DC, 0xD6DC, 0xD6DC, 0xD6DC, 0xD6DC, 0xD6DC, 0xD6DC, 0xD6DC, 0xD6DC, 0xD6DC, 0xD6DC, 0xD6DC, 0xD6DC, 0xD6DC, 0xD6DC, 0xD6DC, 0xE75E, 0x0001,
  0xBE39, 0xCEDC, 0xC67A, 0xC67A, 0xC67A, 0xC67A, 0xC67A, 0xC67A, 0xC67A, 0xC67A, 0xC67A, 0xC67A, 0xC67A, 0xC67A, 0xC67A, 0xC67A, 0xC67A, 0xC67A, 0xC67A, 0xC67A, 0xC67A, 0xC67A, 0xCEDC, 0xBE39,
  0xADF8, 0xB65A, 0xADD8, 0xADD8, 0xADD8, 0xADD8, 0xADD8, 0xADD8, 0xADD8, 0xADD8, 0xADD8, 0xADD8, 0xADD8, 0xADD8, 0xADD8, 0xADD8, 0xADD8, 0xADD8, 0xADD8, 0xADD8, 0xADD8, 0xADD8, 0xB65A, 0xADF8,
  0xADD8, 0xADF8, 0x9D77, 0x9D77, 0x9D56, 0x9515, 0x9D56, 0x9D77, 0x9D56, 0x9515, 0x9515, 0x9515, 0x9515, 0x9515, 0x9515, 0x9D56, 0x9D77, 0x9D56, 0x9515, 0x9D56, 0x9D77, 0x9D77, 0xADF8, 0xADD8,
  0x0001, 0x0001, 0x8CD4, 0x9515, 0x7C72, 0x638F, 0x8CD4, 0x8CF5, 0x7C73, 0x5B6E, 0x638F, 0x638F, 0x638F, 0x638F, 0x5B6E, 0x7C73, 0x8CF5, 0x8CD4, 0x638F, 0x7C72, 0x9515, 0x8CD4, 0x0001, 0x0001,
  0x0001, 0x0001, 0xCE9B, 0xD6FC, 0xA597, 0x63AF, 0xC67A, 0xD6DC, 0xA597, 0x5B6F, 0x6BB0, 0x6BD0, 0x6BD0, 0x6BB0, 0x5B6F, 0xA597, 0xD6DC, 0xC67A, 0x63AF, 0xA597, 0xD6FC, 0xCE9B, 0x0001, 0x0001,
  0x0001, 0x0001, 0xCEBB, 0xDF3D, 0xADB7, 0x63AF, 0xC69B, 0xDF1D, 0xADB7, 0x638F, 0x5B4E, 0x3A49, 0x3A49, 0x5B4E, 0x638F, 0xADB7, 0xDF1D, 0xC69B, 0x63AF, 0xADB7, 0xDF3D, 0xCEBB, 0x0001, 0x0001,
  0x0001, 0x0001, 0xCEBB, 0xDF1D, 0xA597, 0x63AF, 0xC69A, 0xD6FC, 0xADB7, 0x5B6F, 0x31C8, 0x2125, 0x2125, 0x31C8, 0x5B6F, 0xADB7, 0xD6FC, 0xC69A, 0x63AF, 0xA597, 0xDF1D, 0xCEBB, 0x0001, 0x0001,
  0x0001, 0x0001, 0xCEBB, 0xDF1D, 0xA597, 0x63AF, 0xC69A, 0xD6FC, 0xADB8, 0x5B4E, 0x2986, 0x2966, 0x2166, 0x2986, 0x5B4E, 0xADB7, 0xD6FC, 0xC69A, 0x63AF, 0xA597, 0xDF1D, 0xCEBB, 0x0001, 0x0001,
  0x0001, 0x0001, 0xCEBB, 0xDF1D, 0xA597, 0x63AF, 0xC69A, 0xD6FC, 0xADB7, 0x5B4E, 0x2987, 0x2166, 0x2166, 0x2987, 0x5B4E, 0xADB7, 0xD6FC, 0xC69A, 0x63AF, 0xA597, 0xDF1D, 0xCEBB, 0x0001, 0x0001,
  0x0001, 0x0001, 0xCEBB, 0xDF1D, 0xA597, 0x63AF, 0xC69A, 0xD6FC, 0xADB7, 0x5B4E, 0x2987, 0x2166, 0x2166, 0x2987, 0x5B4E, 0xADB7, 0xD6FC, 0xC69A, 0x63AF, 0xA597, 0xDF1D, 0xCEBB, 0x0001, 0x0001,
  0x0001, 0x0001, 0xCEBB, 0xDF3D, 0xA597, 0x638F, 0xC69B, 0xDF1D, 0xADB7, 0x530D, 0x2125, 0x1904, 0x1904, 0x2125, 0x530D, 0xADB7, 0xDF1D, 0xC69B, 0x638F, 0xA597, 0xDF3D, 0xCEBB, 0x0001, 0x0001,
  0x0001, 0xA597, 0xBE5A, 0xB639, 0xA5B7, 0x94F5, 0xB5F8, 0xB5F9, 0xB5F8, 0xB5F8, 0xA555, 0xA555, 0xA555, 0xA555, 0xB5F8, 0xB5F8, 0xB5F9, 0xB5F8, 0x94F5, 0xA5B7, 0xB639, 0xBE5A, 0xA597, 0x0001,
  0x0001, 0xBE5A, 0xC69B, 0xB639, 0xBE5A, 0xC67A, 0xBE39, 0xBE5A, 0xDF1C, 0xFFFF, 0xFFFF, 0xFFFF, 0xFFFF, 0xFFFF, 0xFFFF, 0xDF1C, 0xBE5A, 0xBE39, 0xC67A, 0xBE5A, 0xB639, 0xC69B, 0xBE5A, 0x0001,
  0xCEBB, 0xD71D, 0xCEBB, 0xCEDB, 0xCEDB, 0xCEDB, 0xCEBB, 0xEF9E, 0xFFFF, 0xF7DF, 0xF7DF, 0xF7DF, 0xF7DF, 0xF7DF, 0xF7DF, 0xFFFF, 0xEF9E, 0xCEBB, 0xCEDB, 0xCEDB, 0xCEDB, 0xCEBB, 0xD71D, 0xCEBB
};

const uint16_t ICON_WEATHER_16[256] PROGMEM = {
  0x0001, 0x0001, 0x0001, 0x0001, 0x0001, 0x0001, 0xFD66, 0xFD66, 0x0001, 0x0001, 0x0001, 0x0001, 0x0001, 0x0001, 0x0001, 0x0001,
  0x0001, 0x0001, 0x0001, 0x0001, 0x0001, 0x0001, 0xFD46, 0xFDC7, 0x0001, 0x0001, 0x0001, 0x0001, 0x0001, 0x0001, 0x0001, 0x0001,
  0x0001, 0xFD46, 0xFE07, 0xFD66, 0x0001, 0x0001, 0xFD66, 0xFD66, 0x0001, 0x0001, 0x0001, 0xFDA6, 0xFD46, 0x0001, 0x0001, 0x0001,
  0x0001, 0x0001, 0xFDC7, 0xFD66, 0x0001, 0xFD86, 0xFD86, 0xFD66, 0xFD86, 0x0001, 0xFD66, 0xFE47, 0xFD46, 0x0001, 0x0001, 0x0001,
  0x0001, 0x0001, 0x0001, 0x0001, 0xFD66, 0xFDE7, 0xFDA6, 0xFD86, 0xFDE7, 0xFD86, 0x0001, 0x0001, 0x0001, 0x0001, 0x0001, 0x0001,
  0x0001, 0x0001, 0x0001, 0xFD66, 0xFDE7, 0xFD46, 0xFD66, 0xFD66, 0xFD46, 0xFDC6, 0xFD66, 0x0001, 0x0001, 0x0001, 0x0001, 0x0001,
  0xFD66, 0xFDC6, 0xFD66, 0xFD66, 0xFDA6, 0xFD66, 0xFD45, 0xFD45, 0xFD66, 0xFD65, 0xFD45, 0xFD46, 0xFD86, 0xFD66, 0x0001, 0x0001,
  0xFD46, 0xFDC6, 0xFD66, 0xFD46, 0xFD85, 0xFD45, 0xFD88, 0xEEB6, 0xE71B, 0xEEF9, 0xF5ED, 0xFD02, 0xFD65, 0xFD65, 0x0001, 0x0001,
  0x0001, 0x0001, 0x0001, 0xFD45, 0xFE0A, 0xFD87, 0xE6D8, 0xDF7F, 0xE75E, 0xE77F, 0xE77E, 0x0001, 0x0001, 0x0001, 0x0001, 0x0001,
  0x0001, 0x0001, 0x0001, 0xE73C, 0xEF9E, 0xE73C, 0xE75D, 0xE75D, 0xE75D, 0xE75D, 0xE75E, 0xE75D, 0xE77E, 0xEF9F, 0xE75D, 0x0001,
  0x0001, 0x0001, 0x0001, 0xF7FF, 0xE75E, 0xE75E, 0xE75D, 0xE75D, 0xE75D, 0xE75D, 0xE75D, 0xE75E, 0xE75E, 0xEF9E, 0xFFFF, 0xDF5D,
  0x0001, 0x0001, 0xE77E, 0xEF9E, 0xE75D, 0xE75D, 0xE75D, 0xE75D, 0xE75D, 0xE75D, 0xE75D, 0xE75D, 0xE75D, 0xE75D, 0xEF9F, 0xE75D,
  0xE75D, 0xFFFF, 0xEFBF, 0xE73D, 0xE75D, 0xE75D, 0xE75D, 0xE75D, 0xE75D, 0xE75D, 0xE75D, 0xE75D, 0xE75D, 0xE75D, 0xE77E, 0xE75D,
  0xE75D, 0xEF7E, 0xE75D, 0xE75D, 0xE75D, 0xE75D, 0xE75D, 0xE75D, 0xE75D, 0xE75D, 0xE75D, 0xE75D, 0xE75D, 0xE75D, 0xEFBF, 0xE73D,
  0xE75D, 0xF7FF, 0xE77E, 0xE77E, 0xE77E, 0xE77E, 0xE77E, 0xE77E, 0xE77E, 0xE77E, 0xE77E, 0xE77E, 0xE77E, 0xEFBF, 0xF7FF, 0x0001,
  0x0001, 0xEF9E, 0xE77E, 0xE75D, 0xE75D, 0xE75D, 0xE75D, 0xE75D, 0xE75D, 0xE75D, 0xE75D, 0xE75D, 0xE75E, 0xEF9E, 0xDF3D, 0x0001
};

const uint16_t ICON_WEATHER_24[576] PROGMEM = {
  0x0001, 0x0001, 0x0001, 0x0001, 0x0001, 0x0001, 0x0001, 0x0001, 0x0001, 0xFD66, 0xFDC6, 0xFD46, 0x0001, 0x0001, 0x0001, 0x0001, 0x0001, 0x0001, 0x0001, 0x0001, 0x0001, 0x0001, 0x0001, 0x0001,
  0x0001, 0x0001, 0x0001, 0x0001, 0x0001, 0x0001, 0x0001, 0x0001, 0x0001, 0xFD46, 0xFE07, 0xFD66, 0x0001, 0x0001, 0x0001, 0x0001, 0x0001, 0x0001, 0x0001, 0x0001, 0x0001, 0x0001, 0x0001, 0x0001,
  0x0001, 0x0001, 0x0001, 0x0001, 0x0001, 0x0001, 0x0001, 0x0001, 0x0001, 0xFD46, 0xFE07, 0xFD66, 0x0001, 0x0001, 0x0001, 0x0001, 0x0001, 0x0001, 0x0001, 0x0001, 0x0001, 0x0001, 0x0001, 0x0001,
  0x0001, 0x0001, 0xFD66, 0xFE27, 0xFD66, 0x0001, 0x0001, 0x0001, 0x0001, 0x0001, 0xFDC6, 0xFD66, 0x0001, 0x0001, 0x0001, 0x0001, 0xFD46, 0xFDC6, 0xFDC6, 0x0001, 0x0001, 0x0001, 0x0001, 0x0001,
  0x0001, 0x0001, 0xFD46, 0xFDC6, 0xFDE7, 0xFD46, 0x0001, 0x0001, 0x0001, 0x0001, 0xFD86, 0x0001, 0x0001, 0x0001, 0x0001, 0x0001, 0xFDC6, 0xFD86, 0xFDC6, 0x0001, 0x0001, 0x0001, 0x0001, 0x0001,
  0x0001, 0x0001, 0x0001, 0xFD86, 0xFE27, 0xFD46, 0x0001, 0xFD66, 0xFD86, 0xFDA6, 0xFDA6, 0xFDA6, 0xFD66, 0xFD86, 0x0001, 0x0001, 0xFDC6, 0xFDC6, 0xFD46, 0x0001, 0x0001, 0x0001, 0x0001, 0x0001,
  0x0001, 0x0001, 0x0001, 0x0001, 0x0001, 0x0001, 0xFD66, 0xFDE7, 0xFD86, 0xFD66, 0xFD66, 0xFD66, 0xFD66, 0xFDE6, 0xFD86, 0x0001, 0x0001, 0x0001, 0x0001, 0x0001, 0x0001, 0x0001, 0x0001, 0x0001,
  0x0001, 0x0001, 0x0001, 0x0001, 0x0001, 0xFD46, 0xFDE7, 0xFD66, 0xFD66, 0xFD66, 0xFD66, 0xFD66, 0xFD66, 0xFD46, 0xFDC6, 0xFD46, 0x0001, 0x0001, 0x0001, 0x0001, 0x0001, 0x0001, 0x0001, 0x0001,
  0x0001, 0x0001, 0x0001, 0x0001, 0x0001, 0xFD46, 0xFD86, 0xFD66, 0xFD66, 0xFD66, 0xFD66, 0xFD66, 0xFD66, 0xFD66, 0xFD66, 0xFDC6, 0x0001, 0x0001, 0x0001, 0x0001, 0x0001, 0x0001, 0x0001, 0x0001,
  0xFD66, 0xFDA6, 0xFDA6, 0x0001, 0x0001, 0xFDA6, 0xFD66, 0xFD66, 0xFD66, 0xFD66, 0xFD66, 0xFD45, 0xFD44, 0xFD44, 0xFD45, 0xFDC6, 0xFD46, 0x0001, 0xFD86, 0xFDA6, 0xFD66, 0x0001, 0x0001, 0x0001,
  0xFD86, 0xFE07, 0xFE07, 0xFD46, 0xFD46, 0xFDA6, 0xFD66, 0xFD66, 0xFD66, 0xFD45, 0xFD45, 0xFDAA, 0xF60E, 0xF60E, 0xFDAA, 0xFDA5, 0xFD45, 0xFD66, 0xFE47, 0xFDE7, 0xFE47, 0x0001, 0x0001, 0x0001,
  0xFD46, 0xFD86, 0xFD86, 0xFD66, 0x0001, 0xFDA6, 0xFD66, 0xFD66, 0xFD45, 0xFD46, 0xEE73, 0xE75D, 0xDF7F, 0xDF7F, 0xE75D, 0xFEF4, 0xFD46, 0x0001, 0xFDA6, 0xFD86, 0xFD86, 0x0001, 0x0001, 0x0001,
  0x0001, 0x0001, 0x0001, 0x0001, 0x0001, 0xFD45, 0xFD44, 0xFD24, 0xFD23, 0xEE73, 0xDF7F, 0xE75E, 0xE75D, 0xE75D, 0xE75E, 0xEFDF, 0xE71B, 0x0001, 0x0001, 0x0001, 0x0001, 0x0001, 0x0001, 0x0001,
  0x0001, 0x0001, 0x0001, 0x0001, 0x0001, 0xF610, 0xF6F6, 0xEE95, 0xF630, 0xE73D, 0xE75E, 0xE75D, 0xE75D, 0xE75D, 0xE75D, 0xE75E, 0xDF5E, 0xE75D, 0xE77F, 0xE77F, 0x0001, 0x0001, 0x0001, 0x0001,
  0x0001, 0x0001, 0x0001, 0x0001, 0xE75D, 0xEFBF, 0xE77F, 0xDF7F, 0xDF7F, 0xE75D, 0xE75D, 0xE75D, 0xE75D, 0xE75D, 0xE75D, 0xE73D, 0xE75D, 0xF7DF, 0xF7DF, 0xF7DF, 0xF7FF, 0xEF7E, 0x0001, 0x0001,
  0x0001, 0x0001, 0x0001, 0x0001, 0xE75D, 0xEFBF, 0xE73D, 0xE75D, 0xE75D, 0xE75D, 0xE75D, 0xE75D, 0xE75D, 0xE75D, 0xE75D, 0xE75D, 0xE75D, 0xE75D, 0xE75D, 0xE75D, 0xE75D, 0xF7DF, 0xE77E, 0x0001,
  0x0001, 0x0001, 0x0001, 0x0001, 0xE75D, 0xE77E, 0xE75D, 0xE75D, 0xE75D, 0xE75D, 0xE75D, 0xE75D, 0xE75D, 0xE75D, 0xE75D, 0xE75D, 0xE75D, 0xE75D, 0xE75D, 0xE75D, 0xE75D, 0xE73D, 0xF7FF, 0xE73D,
  0x0001, 0x0001, 0xEF9E, 0xE75E, 0xE75D, 0xE75E, 0xE75D, 0xE75D, 0xE75D, 0xE75D, 0xE75D, 0xE75D, 0xE75D, 0xE75D, 0xE75D, 0xE75D, 0xE75D, 0xE75D, 0xE75D, 0xE75D, 0xE75D, 0xE75D, 0xEF9E, 0xE73D,
  0x0001, 0xEF9E, 0xF7FF, 0xF7DF, 0xE75D, 0xE73D, 0xE75D, 0xE75D, 0xE75D, 0xE75D, 0xE75D, 0xE75D, 0xE75D, 0xE75D, 0xE75D, 0xE75D, 0xE75D, 0xE75D, 0xE75D, 0xE75D, 0xE75D, 0xE75D, 0xE77E, 0xE73D,
  0xE73D, 0xF7DF, 0xE73D, 0xE75D, 0xE75D, 0xE75D, 0xE75D, 0xE75D, 0xE75D, 0xE75D, 0xE75D, 0xE75D, 0xE75D, 0xE75D, 0xE75D, 0xE75D, 0xE75D, 0xE75D, 0xE75D, 0xE75D, 0xE75D, 0xE75D, 0xEF7E, 0xE75D,
  0xE75D, 0xE77E, 0xE75D, 0xE75D, 0xE75D, 0xE75D, 0xE75D, 0xE75D, 0xE75D, 0xE75D, 0xE75D, 0xE75D, 0xE75D, 0xE75D, 0xE75D, 0xE75D, 0xE75D, 0xE75D, 0xE75D, 0xE75D, 0xE75D, 0xE73D, 0xF7DF, 0xE73D,
  0xE73D, 0xEF9E, 0xE75D, 0xE75D, 0xE75D, 0xE75D, 0xE75D, 0xE75D, 0xE75D, 0xE75D, 0xE75D, 0xE75D, 0xE75D, 0xE75D, 0xE75D, 0xE75D, 0xE75D, 0xE75D, 0xE75D, 0xE75D, 0xE73D, 0xEF7E, 0xEF9F, 0x0001,
  0xE75D, 0xFFFF, 0xEF9E, 0xE77E, 0xE77E, 0xE77E, 0xE77E, 0xE77E, 0xE77E, 0xE77E, 0xE77E, 0xE77E, 0xE77E, 0xE77E, 0xE77E, 0xE77E, 0xE77E, 0xE77E, 0xE77E, 0xE77E, 0xF7DF, 0xEF9F, 0xDF3D, 0x0001,
  0x0001, 0xE75D, 0xEF9E, 0xE75D, 0xE75D, 0xE75D, 0xE75D, 0xE75D, 0xE75D, 0xE75D, 0xE75D, 0xE75D, 0xE75D, 0xE75D, 0xE75D, 0xE75D, 0xE75D, 0xE75D, 0xE75D, 0xE75D, 0xE77E, 0x0001, 0x0001, 0x0001
};

const uint16_t ICON_TRAFFIC_16[256] PROGMEM = {
  0x0001, 0x0001, 0x0001, 0x0001, 0x0001, 0x0001, 0x0001, 0x0001, 0x0001, 0x0001, 0x0001, 0x0001, 0x0001, 0x0001, 0x0001, 0x0001,
  0x0001, 0x0001, 0x0001, 0x0001, 0x0001, 0x0001, 0x0001, 0x0001, 0x0001, 0x0001, 0x0001, 0x0001, 0x0001, 0x0001, 0x0001, 0x0001,
  0x0001, 0x0001, 0x0001, 0x0001, 0x0001, 0x0001, 0x0001, 0x0001, 0x0001, 0x0001, 0x0001, 0x0001, 0x0001, 0x0001, 0x0001, 0x0001,
  0x0001, 0x0001, 0x0001, 0x0001, 0x0001, 0x0001, 0x0001, 0x0001, 0x0001, 0x0001, 0x0001, 0x0001, 0x0001, 0x0001, 0x0001, 0x0001,
  0x0001, 0x0001, 0x0001, 0x0001, 0x0001, 0x0001, 0x0001, 0x0001, 0x0001, 0x0001, 0x0001, 0x0001, 0x0001, 0x0001, 0x0001, 0x0001,
  0x0001, 0x0001, 0x0001, 0x0001, 0x0001, 0x0001, 0x0001, 0x0001, 0x0001, 0x0001, 0x0001, 0x0001, 0x0001, 0x0001, 0x0001, 0x0001,
  0x0001, 0x0001, 0x0001, 0x0001, 0x0001, 0x0001, 0x0001, 0xE127, 0xE188, 0xD968, 0xE168, 0xE8C6, 0x0001, 0x0001, 0x0001, 0x0001,
  0x0001, 0x0001, 0x0001, 0x0001, 0x0001, 0xE064, 0xDA4C, 0xD5DA, 0xD578, 0xE2AD, 0xCE5C, 0xDCF7, 0xDA6C, 0xE0A5, 0x0001, 0x0001,
  0x0001, 0x0001, 0x0001, 0x0001, 0xE107, 0xE371, 0xBF3F, 0xB7FF, 0xBE5C, 0xD2EE, 0xB7BF, 0xB7DF, 0xBF9F, 0xE3D2, 0xE0E6, 0x0001,
  0x0001, 0x0001, 0xE168, 0xE127, 0xE26C, 0xC5B9, 0xC578, 0xC517, 0xCC13, 0xDA0B, 0xCC33, 0xCBF2, 0xCBF2, 0xD2EE, 0xF168, 0xD968,
  0x0001, 0xE988, 0xF189, 0xE989, 0xE189, 0xD947, 0xD927, 0xD907, 0xD927, 0xD948, 0xE106, 0xE106, 0xE106, 0xD927, 0xE188, 0xD968,
  0xD968, 0xF189, 0xE168, 0xE168, 0xC927, 0xE168, 0xE168, 0xD968, 0xD968, 0xD968, 0xE168, 0xD147, 0xD147, 0xE168, 0xE168, 0xD968,
  0xD968, 0xE989, 0xD168, 0x6187, 0x3A08, 0x6967, 0xD968, 0xE168, 0xD968, 0xE168, 0xA167, 0x41E8, 0x41E8, 0xA167, 0xE968, 0xD968,
  0xD968, 0xF989, 0x9926, 0x538E, 0xDF9E, 0x4B0C, 0xB127, 0xF189, 0xE188, 0xE968, 0x5166, 0xA618, 0xA618, 0x5166, 0xF989, 0xD968,
  0x0001, 0x0001, 0x0001, 0x4AAB, 0xA556, 0x3A49, 0x0001, 0x0001, 0x0001, 0x0001, 0x3145, 0x8472, 0x8472, 0x3145, 0x0001, 0x0001,
  0x0001, 0x0001, 0x0001, 0x0001, 0x10C3, 0x0001, 0x0001, 0x0001, 0x0001, 0x0001, 0x0001, 0x18E4, 0x18E4, 0x0001, 0x0001, 0x0001
};

const uint16_t ICON_TRAFFIC_24[576] PROGMEM = {
  0x0001, 0x0001, 0x0001, 0x0001, 0x0001, 0x0001, 0x0001, 0x0001, 0x0001, 0x0001, 0x0001, 0x0001, 0x0001, 0x0001, 0x0001, 0x0001, 0x0001, 0x0001, 0x0001, 0x0001, 0x0001, 0x0001, 0x0001, 0x0001,
  0x0001, 0x0001, 0x0001, 0x0001, 0x0001, 0x0001, 0x0001, 0x0001, 0x0001, 0x0001, 0x0001, 0x0001, 0x0001, 0x0001, 0x0001, 0x0001, 0x0001, 0x0001, 0x0001, 0x0001, 0x0001, 0x0001, 0x0001, 0x0001,
  0x0001, 0x0001, 0x0001, 0x0001, 0x0001, 0x0001, 0x0001, 0x0001, 0x0001, 0x0001, 0x0001, 0x0001, 0x0001, 0x0001, 0x0001, 0x0001, 0x0001, 0x0001, 0x0001, 0x0001, 0x0001, 0x0001, 0x0001, 0x0001,
  0x0001, 0x0001, 0x0001, 0x0001, 0x0001, 0x0001, 0x0001, 0x0001, 0x0001, 0x0001, 0x0001, 0x0001, 0x0001, 0x0001, 0x0001, 0x0001, 0x0001, 0x0001, 0x0001, 0x0001, 0x0001, 0x0001, 0x0001, 0x0001,
  0x0001, 0x0001, 0x0001, 0x0001, 0x0001, 0x0001, 0x0001, 0x0001, 0x0001, 0x0001, 0x0001, 0x0001, 0x0001, 0x0001, 0x0001, 0x0001, 0x0001, 0x0001, 0x0001, 0x0001, 0x0001, 0x0001, 0x0001, 0x0001,
  0x0001, 0x0001, 0x0001, 0x0001, 0x0001, 0x0001, 0x0001, 0x0001, 0x0001, 0x0001, 0x0001, 0x0001, 0x0001, 0x0001, 0x0001, 0x0001, 0x0001, 0x0001, 0x0001, 0x0001, 0x0001, 0x0001, 0x0001, 0x0001,
  0x0001, 0x0001, 0x0001, 0x0001, 0x0001, 0x0001, 0x0001, 0x0001, 0x0001, 0x0001, 0x0001, 0x0001, 0x0001, 0x0001, 0x0001, 0x0001, 0x0001, 0x0001, 0x0001, 0x0001, 0x0001, 0x0001, 0x0001, 0x0001,
  0x0001, 0x0001, 0x0001, 0x0001, 0x0001, 0x0001, 0x0001, 0x0001, 0x0001, 0x0001, 0x0001, 0x0001, 0x0001, 0x0001, 0x0001, 0x0001, 0x0001, 0x0001, 0x0001, 0x0001, 0x0001, 0x0001, 0x0001, 0x0001,
  0x0001, 0x0001, 0x0001, 0x0001, 0x0001, 0x0001, 0x0001, 0x0001, 0x0001, 0x0001, 0x0001, 0x0001, 0x0001, 0x0001, 0x0001, 0x0001, 0x0001, 0x0001, 0x0001, 0x0001, 0x0001, 0x0001, 0x0001, 0x0001,
  0x0001, 0x0001, 0x0001, 0x0001, 0x0001, 0x0001, 0x0001, 0x0001, 0x0001, 0x0001, 0x0001, 0xE0E6, 0xE0C6, 0xD947, 0xD947, 0xE0C6, 0xE106, 0x0001, 0x0001, 0x0001, 0x0001, 0x0001, 0x0001, 0x0001,
  0x0001, 0x0001, 0x0001, 0x0001, 0x0001, 0x0001, 0x0001, 0x0001, 0x0001, 0xE107, 0xE148, 0xE30F, 0xE391, 0xEA0B, 0xEA0B, 0xE391, 0xE2AD, 0xE968, 0xE0E6, 0x0001, 0x0001, 0x0001, 0x0001, 0x0001,
  0x0001, 0x0001, 0x0001, 0x0001, 0x0001, 0x0001, 0x0001, 0x0001, 0xE106, 0xE9EA, 0xCD37, 0xBF3F, 0xB7BF, 0xD2EE, 0xD2EE, 0xB7BF, 0xBF1F, 0xC5DA, 0xE391, 0xE148, 0xE0E6, 0x0001, 0x0001, 0x0001,
  0x0001, 0x0001, 0x0001, 0x0001, 0x0001, 0x0001, 0x0001, 0xE0E6, 0xE28D, 0xBE5C, 0xBF7F, 0xBEFE, 0xBF5F, 0xD2EE, 0xD2EE, 0xBF5F, 0xBF1F, 0xBF5F, 0xB77F, 0xCDB9, 0xEA0B, 0xE127, 0x0001, 0x0001,
  0x0001, 0x0001, 0x0001, 0x0001, 0x0001, 0x0001, 0xE147, 0xDB50, 0xBF3F, 0xB7BF, 0xBF5F, 0xBF5F, 0xB7BF, 0xD30E, 0xD2EE, 0xBF9F, 0xBF1F, 0xBEFE, 0xBEDE, 0xBF5F, 0xCBF2, 0xF127, 0xE168, 0x0001,
  0x0001, 0x0001, 0x0001, 0xE168, 0xE168, 0xE148, 0xE1EA, 0xC4F6, 0xC517, 0xCC95, 0xCC33, 0xCBF2, 0xCBD2, 0xDA0A, 0xD9CA, 0xD30F, 0xD2AD, 0xD28C, 0xDA2B, 0xDA2B, 0xD9A9, 0xD968, 0xF189, 0xD968,
  0x0001, 0xD968, 0xE989, 0xE989, 0xE988, 0xD968, 0xD968, 0xD927, 0xD906, 0xD907, 0xD907, 0xD907, 0xE106, 0xD948, 0xD948, 0xD907, 0xD927, 0xD927, 0xD927, 0xD927, 0xD968, 0xD968, 0xE188, 0xD968,
  0x0001, 0xF189, 0xD968, 0xD968, 0xD968, 0xD968, 0xE168, 0xE168, 0xD968, 0xD968, 0xD968, 0xD968, 0xD968, 0xD968, 0xD968, 0xD968, 0xD968, 0xE168, 0xE168, 0xD968, 0xD968, 0xD968, 0xE168, 0xD968,
  0x0001, 0xE989, 0xD968, 0xD968, 0xE168, 0xE168, 0xC968, 0xD968, 0xE168, 0xD968, 0xD968, 0xD968, 0xD968, 0xD968, 0xD968, 0xE168, 0xE168, 0xD168, 0xD168, 0xE168, 0xE168, 0xD968, 0xE168, 0xD968,
  0xD968, 0xE989, 0xD968, 0xE168, 0xC968, 0x4946, 0x2104, 0x3125, 0xA167, 0xE168, 0xD968, 0xD968, 0xD968, 0xD968, 0xD968, 0xD968, 0x7167, 0x2105, 0x2105, 0x7167, 0xD968, 0xD968, 0xE168, 0xD968,
  0xD968, 0xE168, 0xD968, 0xE168, 0x4946, 0x328A, 0x9D35, 0x5B8E, 0x2145, 0xC168, 0xE168, 0xD968, 0xD968, 0xD968, 0xE968, 0x8947, 0x19C7, 0x8492, 0x8492, 0x19C7, 0x8947, 0xE968, 0xE188, 0xD968,
  0xD968, 0xF189, 0xF189, 0xD988, 0x2125, 0x9535, 0xEFDF, 0xCEBB, 0x21C7, 0xA167, 0xF989, 0xE989, 0xE989, 0xE989, 0xF989, 0x5925, 0x534D, 0xEF9F, 0xEF9F, 0x534D, 0x5925, 0xF989, 0xF189, 0xD968,
  0x0001, 0x0001, 0x0001, 0x0001, 0x2125, 0x6BAF, 0xCEBB, 0x9D14, 0x2186, 0x7946, 0x0001, 0x0001, 0x0001, 0x0001, 0x0001, 0x3925, 0x426A, 0xBE39, 0xBE39, 0x426A, 0x3925, 0x0001, 0x0001, 0x0001,
  0x0001, 0x0001, 0x0001, 0x0001, 0x0001, 0x2166, 0x31E8, 0x2986, 0x2165, 0x0001, 0x0001, 0x0001, 0x0001, 0x0001, 0x0001, 0x0001, 0x2145, 0x31C7, 0x31C7, 0x2145, 0x0001, 0x0001, 0x0001, 0x0001,
  0x0001, 0x0001, 0x0001, 0x0001, 0x0001, 0x0001, 0x0001, 0x0001, 0x0001, 0x0001, 0x0001, 0x0001, 0x0001, 0x0001, 0x0001, 0x0001, 0x0001, 0x0001, 0x0001, 0x0001, 0x0001, 0x0001, 0x0001, 0x0001
};

const uint16_t ICON_TRAIN_16[256] PROGMEM = {
  0x0001, 0x0001, 0x0001, 0x0001, 0xA535, 0xC618, 0xCE79, 0xCE9A, 0xCE9A, 0xCE79, 0xC618, 0xA535, 0x0001, 0x0001, 0x0001, 0x0001,
  0x0001, 0x0001, 0x0001, 0x9D14, 0xDEFB, 0xFFDE, 0xF7BE, 0xF79E, 0xF79E, 0xF7BE, 0xFFDE, 0xDEFB, 0x9D14, 0x0001, 0x0001, 0x0001,
  0x0001, 0x0001, 0x0001, 0xBDF7, 0xDF3D, 0x7DFD, 0x6DBD, 0xAE9D, 0xAE9D, 0x6DBD, 0x7DFD, 0xDF3D, 0xBDF7, 0x0001, 0x0001, 0x0001,
  0x0001, 0x0001, 0x0001, 0xD679, 0xDF3D, 0x659D, 0x34FE, 0x963D, 0x963D, 0x34FE, 0x659D, 0xDF3D, 0xD67A, 0x0001, 0x0001, 0x0001,
  0x0001, 0x0001, 0x0001, 0xCE9A, 0xEF7D, 0xE73D, 0xB69D, 0xC6DD, 0xC6DD, 0xB69D, 0xE73D, 0xEF7D, 0xCE9A, 0x0001, 0x0001, 0x0001,
  0x0001, 0x0001, 0x0001, 0xC65A, 0xEF7D, 0xEF5D, 0xF75D, 0xEF5D, 0xEF5D, 0xF75D, 0xEF5D, 0xEF7D, 0xC65A, 0x0001, 0x0001, 0x0001,
  0x0001, 0x0001, 0x0001, 0x8537, 0xF79D, 0xE73D, 0xE73D, 0xE73D, 0xE73D, 0xE73D, 0xE73D, 0xF79D, 0x8537, 0x0001, 0x0001, 0x0001,
  0x0001, 0x0001, 0x0001, 0x6C95, 0xCE9B, 0xEF7D, 0xE75E, 0xE77E, 0xE77E, 0xE75E, 0xEF7D, 0xCE9B, 0x6C95, 0x0001, 0x0001, 0x0001,
  0x0001, 0x0001, 0x0001, 0xA535, 0xA556, 0xE71C, 0xF6D6, 0xFE2F, 0xFE2F, 0xF6D6, 0xE71C, 0xA556, 0xA535, 0x0001, 0x0001, 0x0001,
  0x0001, 0x0001, 0x0001, 0xAD55, 0xB5B7, 0xAD76, 0xD56D, 0xED27, 0xED27, 0xD56D, 0xAD76, 0xB5B7, 0xAD55, 0x0001, 0x0001, 0x0001,
  0x0001, 0x0001, 0x0001, 0x0001, 0xA555, 0xAD96, 0xA556, 0xA556, 0xA556, 0xA556, 0xAD96, 0xA555, 0x0001, 0x0001, 0x0001, 0x0001,
  0x0001, 0x0001, 0x0001, 0x0001, 0x7C10, 0x94B3, 0xAD76, 0xAD96, 0xAD96, 0xAD76, 0x94B3, 0x7C10, 0x0001, 0x0001, 0x0001, 0x0001,
  0x0001, 0x0001, 0x0001, 0xAD96, 0x738E, 0x52CB, 0x6B6E, 0x73CF, 0x73CF, 0x6B6E, 0x52CB, 0x738E, 0xAD96, 0x0001, 0x0001, 0x0001,
  0x0001, 0x0001, 0xB596, 0x94B3, 0x6B6E, 0x9D14, 0x9492, 0x8451, 0x8451, 0x9492, 0x9D14, 0x6B6E, 0x94B3, 0xB596, 0x0001, 0x0001,
  0x0001, 0x0001, 0xAD76, 0x632C, 0x7BF0, 0x94B3, 0x94B2, 0x94B3, 0x94B3, 0x94B2, 0x94B3, 0x7BF0, 0x632C, 0xAD76, 0x0001, 0x0001,
  0x0001, 0xAD76, 0x8430, 0x6B6D, 0xA535, 0x9D14, 0x9D14, 0x9D14, 0x9D14, 0x9D14, 0x9D14, 0xA535, 0x6B6D, 0x8430, 0xAD76, 0x0001
};

const uint16_t ICON_TRAIN_24[576] PROGMEM = {
  0x0001, 0x0001, 0x0001, 0x0001, 0x0001, 0x0001, 0x0001, 0xA534, 0xAD76, 0xBDD7, 0xBDF8, 0xBE18, 0xBE18, 0xBDF8, 0xBDD7, 0xAD76, 0xA534, 0x0001, 0x0001, 0x0001, 0x0001, 0x0001, 0x0001, 0x0001,
  0x0001, 0x0001, 0x0001, 0x0001, 0x0001, 0x0001, 0xAD76, 0xD69A, 0xEF7D, 0xEF7E, 0xEF9E, 0xEF9E, 0xEF9E, 0xEF9E, 0xEF7E, 0xEF7D, 0xD69A, 0xAD76, 0x0001, 0x0001, 0x0001, 0x0001, 0x0001, 0x0001,
  0x0001, 0x0001, 0x0001, 0x0001, 0x0001, 0xAD75, 0xCE9A, 0xF79D, 0xF77D, 0xF77D, 0xEF5D, 0xE73D, 0xE73D, 0xEF5D, 0xF77D, 0xF77D, 0xF79D, 0xCE9A, 0xAD75, 0x0001, 0x0001, 0x0001, 0x0001, 0x0001,
  0x0001, 0x0001, 0x0001, 0x0001, 0xA535, 0xBDF8, 0xEF5C, 0xBEDD, 0x8E1D, 0x861D, 0x7DDD, 0xCEDD, 0xCEDD, 0x7DDD, 0x861D, 0x8E1D, 0xBEDD, 0xEF5C, 0xBDF8, 0xA535, 0x0001, 0x0001, 0x0001, 0x0001,
  0x0001, 0x0001, 0x0001, 0x0001, 0xA534, 0xC659, 0xF79D, 0x7DDD, 0x3D1D, 0x4D5D, 0x453D, 0xBEBD, 0xBEBD, 0x453D, 0x4D5D, 0x3D1D, 0x7DDD, 0xF79D, 0xC659, 0xA534, 0x0001, 0x0001, 0x0001, 0x0001,
  0x0001, 0x0001, 0x0001, 0x0001, 0xA535, 0xD69A, 0xF77D, 0xB69D, 0x5D7D, 0x4D5D, 0x451D, 0xBEBD, 0xBEBD, 0x451D, 0x4D5D, 0x5D7D, 0xB69D, 0xF77D, 0xD69A, 0xA535, 0x0001, 0x0001, 0x0001, 0x0001,
  0x0001, 0x0001, 0x0001, 0x0001, 0xA514, 0xD6DB, 0xEF5D, 0xEF5D, 0xDF1D, 0xAE9D, 0x8E1D, 0xCEFD, 0xCEFD, 0x8E1D, 0xAE9D, 0xDF1D, 0xEF5D, 0xEF5D, 0xD6DB, 0xA514, 0x0001, 0x0001, 0x0001, 0x0001,
  0x0001, 0x0001, 0x0001, 0x0001, 0x8CD4, 0xDEDB, 0xEF5D, 0xE73D, 0xEF5D, 0xF75D, 0xF75D, 0xEF5D, 0xEF5D, 0xF75D, 0xF75D, 0xEF5D, 0xE73D, 0xEF5D, 0xDEDB, 0x8CD4, 0x0001, 0x0001, 0x0001, 0x0001,
  0x0001, 0x0001, 0x0001, 0x0001, 0x6413, 0xDEDA, 0xEF5D, 0xE73D, 0xE73D, 0xE73D, 0xE73D, 0xE73D, 0xE73D, 0xE73D, 0xE73D, 0xE73D, 0xE73D, 0xEF5D, 0xDEDA, 0x6413, 0x0001, 0x0001, 0x0001, 0x0001,
  0x0001, 0x0001, 0x0001, 0x0001, 0x3373, 0xBE19, 0xEF7D, 0xE73D, 0xE73D, 0xE73D, 0xE73D, 0xE73D, 0xE73D, 0xE73D, 0xE73D, 0xE73D, 0xE73D, 0xEF7D, 0xBE19, 0x3372, 0x0001, 0x0001, 0x0001, 0x0001,
  0x0001, 0x0001, 0x0001, 0x0001, 0x43B3, 0x6C95, 0xF77D, 0xE75D, 0xE73D, 0xE73D, 0xE73D, 0xE73D, 0xE73D, 0xE73D, 0xE73D, 0xE73D, 0xE75D, 0xF77D, 0x6C95, 0x43B3, 0x0001, 0x0001, 0x0001, 0x0001,
  0x0001, 0x0001, 0x0001, 0x0001, 0x9D15, 0x43D3, 0xB5F9, 0xF77D, 0xE73D, 0xE73D, 0xE75E, 0xE75E, 0xE75E, 0xE75E, 0xE73D, 0xE73D, 0xF77D, 0xB5F9, 0x43D3, 0x9D15, 0x0001, 0x0001, 0x0001, 0x0001,
  0x0001, 0x0001, 0x0001, 0x0001, 0xAD75, 0xA556, 0x84B4, 0xDEDB, 0xEF7E, 0xE75D, 0xEEF8, 0xEE94, 0xEE95, 0xEEF8, 0xE75D, 0xEF7E, 0xDEDB, 0x84B4, 0xA556, 0xAD75, 0x0001, 0x0001, 0x0001, 0x0001,
  0x0001, 0x0001, 0x0001, 0x0001, 0xA535, 0xBDD7, 0xAD55, 0xA555, 0xCE9A, 0xFE0E, 0xFD44, 0xFD43, 0xFD43, 0xFD44, 0xFE0E, 0xCE9A, 0xA556, 0xAD55, 0xBDD7, 0xA535, 0x0001, 0x0001, 0x0001, 0x0001,
  0x0001, 0x0001, 0x0001, 0x0001, 0x0001, 0xA555, 0xAD96, 0xA535, 0xA535, 0xBD31, 0xD54D, 0xE54B, 0xE54B, 0xD54D, 0xBD31, 0xA535, 0xA535, 0xAD96, 0xA555, 0x0001, 0x0001, 0x0001, 0x0001, 0x0001,
  0x0001, 0x0001, 0x0001, 0x0001, 0x0001, 0x0001, 0xB5B7, 0xAD75, 0xA555, 0xA556, 0xA556, 0xA556, 0xA556, 0xA556, 0xA556, 0xA555, 0xAD75, 0xB5B7, 0x0001, 0x0001, 0x0001, 0x0001, 0x0001, 0x0001,
  0x0001, 0x0001, 0x0001, 0x0001, 0x0001, 0x0001, 0x7C10, 0xAD96, 0xAD76, 0xA555, 0xA555, 0xA555, 0xA555, 0xA555, 0xA555, 0xAD76, 0xAD96, 0x7C10, 0x0001, 0x0001, 0x0001, 0x0001, 0x0001, 0x0001,
  0x0001, 0x0001, 0x0001, 0x0001, 0x0001, 0xAD55, 0x7C10, 0x6B6D, 0x9CF4, 0xAD76, 0xAD76, 0xAD76, 0xAD76, 0xAD76, 0xAD76, 0x9CF4, 0x6B6D, 0x7C10, 0xAD55, 0x0001, 0x0001, 0x0001, 0x0001, 0x0001,
  0x0001, 0x0001, 0x0001, 0x0001, 0x0001, 0xB5B7, 0x8431, 0x4A69, 0x5ACB, 0x6B6E, 0x8431, 0x8C72, 0x8C72, 0x8431, 0x6B6E, 0x5ACB, 0x4A69, 0x8431, 0xB5B7, 0x0001, 0x0001, 0x0001, 0x0001, 0x0001,
  0x0001, 0x0001, 0x0001, 0x0001, 0xAD76, 0xA555, 0x5ACB, 0x6B4D, 0x7BEF, 0x632D, 0x5ACB, 0x5ACB, 0x5ACB, 0x5ACB, 0x632D, 0x7BEF, 0x6B4D, 0x5ACB, 0xA555, 0xAD76, 0x0001, 0x0001, 0x0001, 0x0001,
  0x0001, 0x0001, 0x0001, 0xA535, 0xBDF7, 0x6B6E, 0x634D, 0xAD75, 0xAD75, 0xAD75, 0xA555, 0xA535, 0xA535, 0xA555, 0xAD75, 0xAD75, 0xAD75, 0x634D, 0x6B6E, 0xBDF7, 0xA535, 0x0001, 0x0001, 0x0001,
  0x0001, 0x0001, 0x0001, 0xB596, 0x94D3, 0x4A6A, 0x6B4D, 0x8C92, 0x8C72, 0x8C72, 0x8C72, 0x8C72, 0x8C72, 0x8C72, 0x8C72, 0x8C72, 0x8C92, 0x6B4D, 0x4A6A, 0x94D3, 0xB596, 0x0001, 0x0001, 0x0001,
  0x0001, 0x0001, 0xA555, 0xB5D7, 0x632D, 0x632D, 0x8C92, 0x9492, 0x8C92, 0x8C92, 0x8C92, 0x8C92, 0x8C92, 0x8C92, 0x8C92, 0x8C92, 0x9492, 0x8C92, 0x632D, 0x632D, 0xB5D7, 0xA555, 0x0001, 0x0001,
  0x0001, 0xA555, 0xB5B7, 0x8431, 0x4A69, 0x8C72, 0xB596, 0xAD55, 0xAD75, 0xAD75, 0xAD75, 0xAD75, 0xAD75, 0xAD75, 0xAD75, 0xAD75, 0xAD55, 0xB596, 0x8C72, 0x4A69, 0x8431, 0xB5B7, 0xA555, 0x0001
};

const uint16_t ICON_FLIGHTS_16[256] PROGMEM = {
  0x0001, 0x0001, 0x0001, 0x0001, 0x0001, 0x0001, 0x0001, 0x0001, 0x0001, 0x0001, 0x0001, 0x0001, 0x0001, 0xDF3D, 0xDF5E, 0xCEBB,
  0x0001, 0x0001, 0x0001, 0x0001, 0x0001, 0x0001, 0x636E, 0x6B6E, 0x0001, 0x0001, 0x0001, 0x0001, 0xCEBB, 0xA597, 0xD6FC, 0xD6DC,
  0x0001, 0x0001, 0x0001, 0x0001, 0x0001, 0x5C96, 0x6C74, 0x63F2, 0x0001, 0x0001, 0x0001, 0xD6FC, 0xDF1D, 0xADD8, 0xA597, 0xD6FC,
  0x0001, 0x665F, 0x663F, 0x5DFF, 0x5DBF, 0x5DBF, 0x557E, 0x557D, 0x4D5D, 0x6DBD, 0xCEBC, 0xD6FC, 0xCEBB, 0xDF1D, 0xCE9B, 0x0001,
  0x0001, 0x0001, 0x559E, 0x557E, 0x5D9E, 0x5DDF, 0x5DBF, 0x4D5E, 0x65BD, 0xC6BC, 0xD6DB, 0xCEBB, 0xD6FC, 0xD6FC, 0x0001, 0x0001,
  0x0001, 0x0001, 0x0001, 0x0001, 0x0001, 0x559E, 0x4D5E, 0x659D, 0xC6BC, 0xD6DB, 0xCEBB, 0xD6DB, 0xCEDC, 0x0001, 0x0001, 0x0001,
  0x0001, 0x0001, 0x0001, 0x0001, 0x0001, 0x0001, 0x0001, 0xCEDC, 0xD6FC, 0xCEBB, 0xD6DB, 0xCEDC, 0x6D9D, 0x0001, 0x0001, 0x0001,
  0x0001, 0x0001, 0x0001, 0x0001, 0x0001, 0x0001, 0xD6DC, 0xDF1D, 0xCEBB, 0xD6FC, 0xC6BC, 0x65BD, 0x4D3D, 0x0001, 0x0001, 0x0001,
  0x0001, 0x0001, 0x0001, 0x0001, 0x0001, 0xD6FC, 0xDF5E, 0xCEBB, 0xDF1D, 0xCEBB, 0x659D, 0x4D5E, 0x557D, 0x6C33, 0x6B8E, 0x0001,
  0x0001, 0x0001, 0x0001, 0x0001, 0xD6FC, 0xD71D, 0xC67A, 0xDF5E, 0xD6DC, 0x0001, 0x4D3D, 0x5DBF, 0x557E, 0x6C74, 0x636E, 0x0001,
  0x557D, 0x661F, 0x4D3D, 0x9E5D, 0xCE9A, 0x8CB4, 0xD71D, 0xD6FC, 0x0001, 0x0001, 0x557D, 0x5DDF, 0x5D9F, 0x5C76, 0x0001, 0x0001,
  0x0001, 0x559E, 0x6E1F, 0xBE5A, 0x8472, 0xCE9A, 0xDF1D, 0x0001, 0x0001, 0x0001, 0x0001, 0x5DBF, 0x5DBF, 0x0001, 0x0001, 0x0001,
  0x0001, 0x0001, 0x8DBA, 0xA555, 0xBE3A, 0x9E5D, 0x0001, 0x0001, 0x0001, 0x0001, 0x0001, 0x555D, 0x5DDF, 0x0001, 0x0001, 0x0001,
  0x0001, 0x0001, 0x0001, 0x95DA, 0x6E1F, 0x4D3D, 0x0001, 0x0001, 0x0001, 0x0001, 0x0001, 0x555D, 0x663F, 0x0001, 0x0001, 0x0001,
  0x0001, 0x0001, 0x0001, 0x0001, 0x557E, 0x663F, 0x0001, 0x0001, 0x0001, 0x0001, 0x0001, 0x0001, 0x665F, 0x0001, 0x0001, 0x0001,
  0x0001, 0x0001, 0x0001, 0x0001, 0x0001, 0x5DDF, 0x0001, 0x0001, 0x0001, 0x0001, 0x0001, 0x0001, 0x0001, 0x0001, 0x0001, 0x0001
};

const uint16_t ICON_FLIGHTS_24[576] PROGMEM = {
  0x0001, 0x0001, 0x0001, 0x0001, 0x0001, 0x0001, 0x0001, 0x0001, 0x0001, 0x0001, 0x0001, 0x0001, 0x0001, 0x0001, 0x0001, 0x0001, 0x0001, 0x0001, 0x0001, 0x0001, 0x0001, 0xCEDB, 0xD6FC, 0x0001,
  0x0001, 0x0001, 0x0001, 0x0001, 0x0001, 0x0001, 0x0001, 0x0001, 0x0001, 0x0001, 0x0001, 0x0001, 0x0001, 0x0001, 0x0001, 0x0001, 0x0001, 0x0001, 0xCEBB, 0xCEBB, 0xD6FC, 0xE75E, 0xEFBF, 0xCEBB,
  0x0001, 0x0001, 0x0001, 0x0001, 0x0001, 0x0001, 0x0001, 0x0001, 0x0001, 0x638F, 0x6BF1, 0x63AF, 0x0001, 0x0001, 0x0001, 0x0001, 0x0001, 0xCEBB, 0xE77E, 0xA597, 0x6BD0, 0xA576, 0xE75E, 0xCEBB,
  0x0001, 0x0001, 0x0001, 0x0001, 0x0001, 0x0001, 0x0001, 0x0001, 0x63AF, 0x6BF0, 0x6BD0, 0x638F, 0x0001, 0x0001, 0x0001, 0x0001, 0xCEBB, 0xDF3D, 0xCEDC, 0xD6DC, 0xADD8, 0x6BD0, 0xD6FC, 0x0001,
  0x0001, 0x557D, 0x559E, 0x557D, 0x557D, 0x555D, 0x557D, 0x555D, 0x5D3B, 0x5D1B, 0x5CFA, 0x5CFA, 0x557D, 0x555D, 0x4D5E, 0xAE5C, 0xDF1C, 0xCEDC, 0xCEBB, 0xCEBB, 0xD6DC, 0xA597, 0xC67A, 0x0001,
  0x0001, 0x557E, 0x661F, 0x5DDF, 0x5D9E, 0x5D9E, 0x5D9E, 0x5D9F, 0x559E, 0x557E, 0x557E, 0x559E, 0x5DDF, 0x55BF, 0x965E, 0xDF3D, 0xCEDB, 0xCEBB, 0xCEBB, 0xCEBB, 0xCEDC, 0xE77E, 0xCEBB, 0x0001,
  0x0001, 0x0001, 0x5D9E, 0x557E, 0x557D, 0x5DDF, 0x5DBF, 0x559E, 0x557D, 0x557D, 0x557D, 0x557D, 0x4D5D, 0x85FC, 0xD6DB, 0xCEBB, 0xCEBB, 0xCEBB, 0xCEBB, 0xCEDC, 0xDF3D, 0xCEBB, 0x0001, 0x0001,
  0x0001, 0x0001, 0x0001, 0x0001, 0x0001, 0x557E, 0x557D, 0x557D, 0x5DBF, 0x5DDF, 0x5D9E, 0x4D5D, 0x7DDD, 0xD6DB, 0xCEBB, 0xCEBB, 0xCEBB, 0xCEBB, 0xCEBB, 0xDF1C, 0xCEBB, 0x0001, 0x0001, 0x0001,
  0x0001, 0x0001, 0x0001, 0x0001, 0x0001, 0x0001, 0x0001, 0x0001, 0x0001, 0x557E, 0x4D5E, 0x7DDD, 0xCEDB, 0xD6BB, 0xCEBB, 0xCEBB, 0xCEBB, 0xCEBB, 0xDF3D, 0xAE5C, 0x0001, 0x0001, 0x0001, 0x0001,
  0x0001, 0x0001, 0x0001, 0x0001, 0x0001, 0x0001, 0x0001, 0x0001, 0x0001, 0x0001, 0x0001, 0xD6FC, 0xD6DB, 0xCEBB, 0xCEBB, 0xCEBB, 0xCEBB, 0xD6DB, 0x967F, 0x455E, 0x0001, 0x0001, 0x0001, 0x0001,
  0x0001, 0x0001, 0x0001, 0x0001, 0x0001, 0x0001, 0x0001, 0x0001, 0x0001, 0x0001, 0xD6FC, 0xD6FC, 0xCEBB, 0xCEBB, 0xCEBB, 0xD6BB, 0xD6DB, 0x85FC, 0x55BF, 0x557D, 0x0001, 0x0001, 0x0001, 0x0001,
  0x0001, 0x0001, 0x0001, 0x0001, 0x0001, 0x0001, 0x0001, 0x0001, 0x0001, 0xD6FC, 0xD71D, 0xCEBB, 0xCEBB, 0xCEBB, 0xD6DB, 0xCEDB, 0x7DDD, 0x4D5D, 0x5DDF, 0x555D, 0x0001, 0x0001, 0x0001, 0x0001,
  0x0001, 0x0001, 0x0001, 0x0001, 0x0001, 0x0001, 0x0001, 0x0001, 0xD6FC, 0xDF1D, 0xCEBB, 0xCEBB, 0xCEBB, 0xD6FC, 0xCEDC, 0x7DDD, 0x4D5D, 0x557D, 0x559E, 0x5CFA, 0x6BAF, 0x63AF, 0x0001, 0x0001,
  0x0001, 0x0001, 0x0001, 0x0001, 0x0001, 0x0001, 0x0001, 0xD6DC, 0xDF5D, 0xCEDB, 0xCEBB, 0xCEBB, 0xD71D, 0xD6DB, 0x0001, 0x4D3E, 0x559E, 0x557D, 0x557E, 0x5CFA, 0x6BF0, 0x6BB0, 0x0001, 0x0001,
  0x0001, 0x0001, 0x0001, 0x0001, 0x0001, 0x0001, 0xCEBB, 0xE77E, 0xBE39, 0xBE39, 0xCEDB, 0xDF1D, 0xD6DC, 0x0001, 0x0001, 0x555D, 0x5DDF, 0x557D, 0x557E, 0x5D1A, 0x6BD0, 0x638F, 0x0001, 0x0001,
  0x557D, 0x663F, 0x5DBF, 0x559E, 0x4D5D, 0x9E3C, 0xE75D, 0xB5D8, 0x7C32, 0xBE39, 0xDF5D, 0xD6FC, 0x0001, 0x0001, 0x0001, 0x557D, 0x5DDF, 0x557D, 0x559E, 0x5D3B, 0x638F, 0x0001, 0x0001, 0x0001,
  0x555D, 0x5DDF, 0x5D9E, 0x4D5E, 0x6DDD, 0xDF1D, 0xADD8, 0x63B0, 0xB5D8, 0xE75E, 0xD6DC, 0x0001, 0x0001, 0x0001, 0x0001, 0x0001, 0x557D, 0x557E, 0x5DBF, 0x555D, 0x0001, 0x0001, 0x0001, 0x0001,
  0x0001, 0x555D, 0x559E, 0x55BF, 0xB69D, 0xB5F7, 0x63B0, 0xADD8, 0xE75D, 0xD6DC, 0x0001, 0x0001, 0x0001, 0x0001, 0x0001, 0x0001, 0x557D, 0x5DBF, 0x5D9E, 0x557D, 0x0001, 0x0001, 0x0001, 0x0001,
  0x0001, 0x0001, 0x0001, 0x7E1F, 0xB5F9, 0x6BD0, 0xB5D7, 0xDF1D, 0x9E3C, 0x0001, 0x0001, 0x0001, 0x0001, 0x0001, 0x0001, 0x0001, 0x557D, 0x5DDF, 0x5D9E, 0x555D, 0x0001, 0x0001, 0x0001, 0x0001,
  0x0001, 0x0001, 0x0001, 0x0001, 0x8493, 0xADF9, 0xB69D, 0x6DDD, 0x4D3D, 0x0001, 0x0001, 0x0001, 0x0001, 0x0001, 0x0001, 0x0001, 0x0001, 0x557E, 0x5D9F, 0x557D, 0x0001, 0x0001, 0x0001, 0x0001,
  0x0001, 0x0001, 0x0001, 0x0001, 0x0001, 0x75FE, 0x55BF, 0x4D5E, 0x559E, 0x0001, 0x0001, 0x0001, 0x0001, 0x0001, 0x0001, 0x0001, 0x0001, 0x555D, 0x5DBF, 0x557D, 0x0001, 0x0001, 0x0001, 0x0001,
  0x0001, 0x0001, 0x0001, 0x0001, 0x0001, 0x0001, 0x557E, 0x5D9E, 0x5DBF, 0x0001, 0x0001, 0x0001, 0x0001, 0x0001, 0x0001, 0x0001, 0x0001, 0x555D, 0x661F, 0x555D, 0x0001, 0x0001, 0x0001, 0x0001,
  0x0001, 0x0001, 0x0001, 0x0001, 0x0001, 0x0001, 0x555D, 0x5DFF, 0x663F, 0x0001, 0x0001, 0x0001, 0x0001, 0x0001, 0x0001, 0x0001, 0x0001, 0x0001, 0x5DBF, 0x555D, 0x0001, 0x0001, 0x0001, 0x0001,
  0x0001, 0x0001, 0x0001, 0x0001, 0x0001, 0x0001, 0x0001, 0x555D, 0x5DDF, 0x0001, 0x0001, 0x0001, 0x0001, 0x0001, 0x0001, 0x0001, 0x0001, 0x0001, 0x0001, 0x0001, 0x0001, 0x0001, 0x0001, 0x0001
};

const uint16_t ICON_CALENDAR_16[256] PROGMEM = {
  0xD988, 0xF189, 0x0001, 0x0001, 0xD968, 0xD927, 0xD947, 0xD988, 0xD968, 0xD968, 0xE188, 0xD968, 0x0001, 0x0001, 0xF189, 0xD968,
  0xD948, 0xEA0B, 0xE32E, 0xE24B, 0xE1EA, 0xEAEE, 0xE26C, 0xE168, 0xE188, 0xE188, 0xE148, 0xE148, 0xD927, 0xD947, 0xE968, 0xD968,
  0xD906, 0xEB90, 0xFEFC, 0xF412, 0xE2AD, 0xF6DB, 0xECB4, 0xD907, 0xD968, 0xD968, 0xE26C, 0xE26C, 0xEA6C, 0xEA6C, 0xEA8C, 0xD9A9,
  0xD907, 0xEB90, 0xF6DC, 0xEC52, 0xE2EE, 0xF6DC, 0xECD4, 0xD907, 0xD968, 0xD968, 0xE32F, 0xE32F, 0xE32F, 0xE30E, 0xEB4F, 0xE1EA,
  0xE22A, 0xF5D8, 0xE3B0, 0xECD4, 0xED76, 0xE3B0, 0xEDF8, 0xE36F, 0xD8C6, 0xD907, 0xE2CD, 0xE2CD, 0xE2CD, 0xE2AD, 0xEAEE, 0xD9A9,
  0xDAED, 0xE34F, 0xDA8C, 0xDAED, 0xE32F, 0xDA8C, 0xDB0E, 0xE32E, 0xDACD, 0xDAED, 0xE2EE, 0xE2ED, 0xDAED, 0xDAED, 0xE2EE, 0xDACD,
  0xDF7E, 0xE79E, 0xE77E, 0xE77E, 0xE75E, 0xE77E, 0xE77E, 0xE77E, 0xDF7E, 0xDF7E, 0xDF7E, 0xE77E, 0xE77E, 0xE77E, 0xE79F, 0xDF7E,
  0xDF5D, 0xE77E, 0xE75E, 0xD6FC, 0x7431, 0x7431, 0xD6DC, 0x94F4, 0x6BB0, 0x6BF0, 0x7431, 0x7411, 0xC67A, 0xE77E, 0xE77E, 0xDF5D,
  0xDF3D, 0xE77E, 0xE75D, 0xDF3D, 0x9D56, 0x5B4E, 0xC67A, 0xBE39, 0x9D35, 0xA576, 0x7411, 0x5B6E, 0xCE9B, 0xE77E, 0xE77E, 0xDF3D,
  0xDF3D, 0xE77E, 0xE73D, 0xE77E, 0xCEBB, 0x636F, 0xC65A, 0xEFBF, 0xEFBF, 0xDF3D, 0x63AF, 0x94F4, 0xEF9E, 0xE73D, 0xE77E, 0xDF3D,
  0xDF3D, 0xE77E, 0xE73D, 0xE77E, 0xCE9A, 0x636F, 0xC65A, 0xE77E, 0xEF9E, 0x9515, 0x5B4E, 0xCEBB, 0xE77E, 0xE73D, 0xE77E, 0xDF3D,
  0xDF3D, 0xE77E, 0xE73D, 0xE77E, 0xCE9A, 0x636F, 0xC65A, 0xEF9F, 0xCEBB, 0x5B6E, 0x94F4, 0xEF9E, 0xE73D, 0xE73D, 0xE77E, 0xDF3D,
  0xDF3D, 0xE77E, 0xE73D, 0xE77E, 0xCE9A, 0x5B6F, 0xC65A, 0xEFBF, 0x8CD4, 0x5B4E, 0xCEBB, 0xE77E, 0xE73D, 0xE73D, 0xE77E, 0xDF3D,
  0xE73D, 0xE77E, 0xE73D, 0xE77E, 0xCE9A, 0x5B4E, 0xC69A, 0xDF1C, 0x5B4E, 0x94F4, 0xEF9E, 0xE73D, 0xE73D, 0xE73D, 0xE77E, 0xE73D,
  0xE73D, 0xEFBF, 0xE77E, 0xE77E, 0xE75D, 0xC67A, 0xE75D, 0xE77E, 0xC65A, 0xDF1D, 0xEF9E, 0xE77E, 0xE77E, 0xE77E, 0xEFBF, 0xE73D,
  0xE73D, 0xEFBF, 0xE75D, 0xDF3D, 0xE75D, 0xEF7E, 0xE75D, 0xDF3D, 0xEF7E, 0xE75D, 0xDF3D, 0xDF3D, 0xDF3D, 0xE75D, 0xEFBF, 0xE73D
};

const uint16_t ICON_CALENDAR_24[576] PROGMEM = {
  0xD968, 0xE189, 0xE989, 0xD968, 0x0001, 0x0001, 0xD968, 0xE188, 0xD968, 0xD968, 0xD968, 0xD968, 0xD968, 0xD968, 0xD968, 0xD968, 0xE188, 0xD968, 0x0001, 0x0001, 0xD988, 0xE989, 0xE189, 0xD968,
  0xD968, 0xE989, 0xE968, 0xD907, 0x0001, 0xD927, 0xE989, 0xE127, 0xE127, 0xE127, 0xE188, 0xE188, 0xE188, 0xE188, 0xE188, 0xE188, 0xE188, 0xE989, 0xD968, 0x0001, 0xD968, 0xE989, 0xE989, 0xD968,
  0xD968, 0xE148, 0xE2AC, 0xEB6F, 0xE390, 0xE22B, 0xD948, 0xE390, 0xE30E, 0xE390, 0xD968, 0xD968, 0xD968, 0xD968, 0xD968, 0xD968, 0xD968, 0xD968, 0xE168, 0xD968, 0xE168, 0xD968, 0xE168, 0xD968,
  0xD968, 0xE107, 0xECB3, 0xF67A, 0xF69B, 0xE36F, 0xD907, 0xF6BB, 0xEDB7, 0xF6BB, 0xD988, 0xD968, 0xD968, 0xD968, 0xD968, 0xD989, 0xD989, 0xD989, 0xD989, 0xE189, 0xD989, 0xD989, 0xE1A9, 0xD968,
  0xD968, 0xE107, 0xEC73, 0xEE39, 0xEE5A, 0xE34F, 0xD907, 0xF65A, 0xED77, 0xF65A, 0xD988, 0xD968, 0xD968, 0xD968, 0xD927, 0xEC12, 0xEBD1, 0xEBD1, 0xEBD1, 0xEBD1, 0xEBD1, 0xEBD1, 0xF412, 0xD927,
  0xD968, 0xE0C6, 0xE452, 0xEE39, 0xF69B, 0xE36F, 0xD8C6, 0xF6BB, 0xED97, 0xF659, 0xD907, 0xD927, 0xD988, 0xD968, 0xD948, 0xE26C, 0xE26C, 0xE26C, 0xE26C, 0xE26C, 0xE26C, 0xE26C, 0xEA8C, 0xD948,
  0xD988, 0xF556, 0xF73D, 0xED36, 0xEC93, 0xF73C, 0xEE19, 0xF69A, 0xE3D1, 0xF7DF, 0xF659, 0xE34F, 0xD927, 0xD968, 0xD947, 0xEBF1, 0xEBB0, 0xEBB1, 0xEBB0, 0xEBB1, 0xEBB0, 0xEBB1, 0xF3F2, 0xD927,
  0xD8E6, 0xEB0E, 0xEBF1, 0xD9A9, 0xD8C6, 0xE36F, 0xEC32, 0xD9A9, 0xD927, 0xE34F, 0xE3B0, 0xE22B, 0xD8E6, 0xD907, 0xD8E6, 0xE1EA, 0xE1CA, 0xE1CA, 0xE1CA, 0xE1CA, 0xE1CA, 0xE1CA, 0xE9EA, 0xD8E6,
  0xDB6F, 0xE32E, 0xDAEE, 0xDB4F, 0xDB6F, 0xDAEE, 0xDAEE, 0xDB2F, 0xDB4F, 0xDAEE, 0xDAEE, 0xDB2E, 0xDB6F, 0xDB6F, 0xDB6F, 0xDB2F, 0xDB4F, 0xDB4F, 0xDB4F, 0xDB4F, 0xDB4F, 0xDB4F, 0xE34F, 0xDB6F,
  0xDFBF, 0xE7DF, 0xE79E, 0xE79E, 0xE79E, 0xE7BF, 0xE7DF, 0xEFFF, 0xEFDF, 0xE7BF, 0xE7BF, 0xEFDF, 0xEFFF, 0xEFFF, 0xEFFF, 0xEFFF, 0xEFFF, 0xEFFF, 0xE7BF, 0xE79E, 0xE79E, 0xE79E, 0xE7DF, 0xDFBF,
  0xDF3D, 0xE77E, 0xE73D, 0xE73D, 0xE75D, 0xE73D, 0xC65A, 0xB5F8, 0xBE39, 0xDF3D, 0xE73D, 0xBE39, 0xB618, 0xB619, 0xB619, 0xB619, 0xB618, 0xBE19, 0xDF1D, 0xE75D, 0xE73D, 0xE73D, 0xE77E, 0xDF3D,
  0xDF3D, 0xE77E, 0xE73D, 0xE73D, 0xE77E, 0xCEBB, 0x5B6E, 0x532E, 0x5B4E, 0xC67A, 0xCEBB, 0x532E, 0x532D, 0x532E, 0x532E, 0x5B4E, 0x5B6F, 0x532E, 0xADB7, 0xEF7E, 0xE73D, 0xE73D, 0xE77E, 0xDF3D,
  0xDF3D, 0xE77E, 0xE73D, 0xE73D, 0xE75D, 0xDF1D, 0x9D35, 0x6BF0, 0x5B4E, 0xBE19, 0xDF3D, 0x8CD4, 0x8493, 0x8493, 0x8CB3, 0x7C52, 0x638F, 0x5B6F, 0xBE19, 0xEF7E, 0xE73D, 0xE73D, 0xE77E, 0xDF3D,
  0xDF3D, 0xE77E, 0xE73D, 0xE73D, 0xE73D, 0xE75D, 0xEF9F, 0x8CB3, 0x532E, 0xB618, 0xEF9E, 0xE77E, 0xE75E, 0xE77E, 0xEF9E, 0x94F4, 0x532E, 0x8472, 0xE75D, 0xE75D, 0xE73D, 0xE73D, 0xE77E, 0xDF3D,
  0xDF3D, 0xE77E, 0xE73D, 0xE73D, 0xE73D, 0xE75D, 0xE75E, 0x8493, 0x532E, 0xB618, 0xEF7E, 0xE75D, 0xE75D, 0xEF7E, 0xC67A, 0x638F, 0x5B6F, 0xBE39, 0xEF7E, 0xE73D, 0xE73D, 0xE73D, 0xE77E, 0xDF3D,
  0xDF3D, 0xE77E, 0xE73D, 0xE73D, 0xE73D, 0xE75D, 0xE75E, 0x8493, 0x532E, 0xB618, 0xEF7E, 0xE73D, 0xE75D, 0xE77E, 0x8493, 0x532E, 0x7C72, 0xE75D, 0xE75D, 0xE73D, 0xE73D, 0xE73D, 0xE77E, 0xDF3D,
  0xDF3D, 0xE77E, 0xE73D, 0xE73D, 0xE73D, 0xE75D, 0xE75E, 0x8493, 0x532E, 0xB618, 0xEF7E, 0xE73D, 0xEF7E, 0xBE39, 0x636F, 0x5B6E, 0xB618, 0xEF9E, 0xE73D, 0xE73D, 0xE73D, 0xE73D, 0xE77E, 0xDF3D,
  0xDF3D, 0xE77E, 0xE73D, 0xE73D, 0xE73D, 0xE75D, 0xE75E, 0x8493, 0x532E, 0xB618, 0xEF7E, 0xE75D, 0xE75D, 0x8472, 0x5B4E, 0x7C52, 0xE75D, 0xE75D, 0xE73D, 0xE73D, 0xE73D, 0xE73D, 0xE77E, 0xDF3D,
  0xDF3D, 0xE77E, 0xE73D, 0xE73D, 0xE73D, 0xE75D, 0xE75E, 0x8493, 0x532E, 0xB618, 0xEF7E, 0xEF9E, 0xB619, 0x5B6F, 0x5B6E, 0xB618, 0xEF9E, 0xE73D, 0xE73D, 0xE73D, 0xE73D, 0xE73D, 0xE77E, 0xDF3D,
  0xDF3D, 0xE77E, 0xE73D, 0xE73D, 0xE73D, 0xE75D, 0xE75E, 0x8493, 0x532E, 0xB618, 0xEF9E, 0xDF3D, 0x7C52, 0x5B4E, 0x7C52, 0xE75D, 0xE75D, 0xE73D, 0xE73D, 0xE73D, 0xE73D, 0xE73D, 0xE77E, 0xDF3D,
  0xDF3D, 0xE77E, 0xE73D, 0xE73D, 0xE73D, 0xE75D, 0xE77E, 0x8493, 0x4AED, 0xBE19, 0xEFBF, 0xCE9B, 0x5B6F, 0x534E, 0xBE19, 0xEF9E, 0xE73D, 0xE73D, 0xE73D, 0xE73D, 0xE73D, 0xE73D, 0xE77E, 0xDF3D,
  0xE73D, 0xE77E, 0xE73D, 0xE73D, 0xE73D, 0xE73D, 0xE75E, 0xC65A, 0xA596, 0xDF1C, 0xE75D, 0xE73D, 0xB5D8, 0xADB7, 0xE73D, 0xE75D, 0xE73D, 0xE73D, 0xE73D, 0xE73D, 0xE73D, 0xE73D, 0xE77E, 0xE73D,
  0xE73D, 0xFFFF, 0xE77E, 0xE77E, 0xE77E, 0xE77E, 0xE77E, 0xEF9E, 0xEFBF, 0xE77E, 0xE77E, 0xE77E, 0xEFBF, 0xEFBF, 0xE77E, 0xE77E, 0xE77E, 0xE77E, 0xE77E, 0xE77E, 0xE77E, 0xE77E, 0xFFFF, 0xE73D,
  0x0001, 0xE77E, 0xE77E, 0xE73D, 0xDF3D, 0xDF3D, 0xDF3D, 0xDF3D, 0xDF3D, 0xDF3D, 0xDF3D, 0xDF3D, 0xDF3D, 0xDF3D, 0xDF3D, 0xDF3D, 0xDF3D, 0xDF3D, 0xDF3D, 0xDF3D, 0xE73D, 0xE77E, 0xE77E, 0x0001
};

const uint16_t ICON_WHOOP_16[256] PROGMEM = {
  0x0001, 0xFEAB, 0x0001, 0x0001, 0x0001, 0x0001, 0x0001, 0x0001, 0x0001, 0x0001, 0x0001, 0x0001, 0x0001, 0x0001, 0xFEAB, 0x0001,
  0xFE4B, 0xFEAB, 0x0001, 0x0001, 0x0001, 0x0001, 0x0001, 0x0001, 0x0001, 0x0001, 0x0001, 0x0001, 0x0001, 0x0001, 0xFEAB, 0xFE4B,
  0x0001, 0x0001, 0xFEEB, 0xFECB, 0x0001, 0x0001, 0x0001, 0x0001, 0x0001, 0x0001, 0x0001, 0x0001, 0xFECB, 0xFEEB, 0x0001, 0x0001,
  0x0001, 0xFEAB, 0xEC4A, 0xE108, 0xE168, 0xE168, 0xE168, 0x0001, 0x0001, 0xE168, 0xE168, 0xE168, 0xE108, 0xEC4A, 0xFEAB, 0x0001,
  0xFEAB, 0xEC4A, 0xD8E8, 0xF189, 0xE188, 0xE988, 0xF189, 0xD968, 0xD968, 0xF189, 0xE988, 0xE188, 0xF189, 0xD8E8, 0xF44A, 0xFEAB,
  0x0001, 0xD928, 0xF189, 0xD968, 0xD968, 0xD968, 0xD968, 0xE988, 0xE988, 0xD968, 0xD968, 0xD968, 0xD968, 0xF189, 0xD928, 0x0001,
  0x0001, 0xD968, 0xE168, 0xD968, 0xD968, 0xD968, 0xD968, 0xD968, 0xD968, 0xD968, 0xD968, 0xD968, 0xD968, 0xE168, 0xD968, 0x0001,
  0x0001, 0xD968, 0xE168, 0xD968, 0xD968, 0xD968, 0xD968, 0xD968, 0xD968, 0xD968, 0xD968, 0xD968, 0xD968, 0xE168, 0xD968, 0x0001,
  0x0001, 0xD968, 0xE988, 0xD968, 0xD968, 0xD968, 0xD968, 0xD968, 0xD968, 0xD968, 0xD968, 0xD968, 0xD968, 0xE988, 0xD968, 0x0001,
  0x0001, 0xD968, 0xF189, 0xD968, 0xD968, 0xD968, 0xD968, 0xD968, 0xD968, 0xD968, 0xD968, 0xD968, 0xD968, 0xF189, 0xD968, 0x0001,
  0x0001, 0x0001, 0xD968, 0xE188, 0xD968, 0xD968, 0xD968, 0xD968, 0xD968, 0xD968, 0xD968, 0xD968, 0xE188, 0xD968, 0x0001, 0x0001,
  0x0001, 0x0001, 0x0001, 0xE989, 0xE168, 0xD968, 0xD968, 0xD968, 0xD968, 0xD968, 0xD968, 0xE168, 0xE989, 0x0001, 0x0001, 0x0001,
  0x0001, 0x0001, 0x0001, 0xD968, 0xF189, 0xE168, 0xD968, 0xD968, 0xD968, 0xD968, 0xE168, 0xF189, 0xD968, 0x0001, 0x0001, 0x0001,
  0x0001, 0x0001, 0x0001, 0x0001, 0xD968, 0xE989, 0xE188, 0xD968, 0xD968, 0xE188, 0xE989, 0xD968, 0x0001, 0x0001, 0x0001, 0x0001,
  0x0001, 0x0001, 0x0001, 0x0001, 0x0001, 0xD968, 0xE188, 0xF189, 0xF189, 0xE188, 0xD968, 0x0001, 0x0001, 0x0001, 0x0001, 0x0001,
  0x0001, 0x0001, 0x0001, 0x0001, 0x0001, 0x0001, 0x0001, 0xE168, 0xE168, 0x0001, 0x0001, 0x0001, 0x0001, 0x0001, 0x0001, 0x0001
};

const uint16_t ICON_WHOOP_24[576] PROGMEM = {
  0x0001, 0x0001, 0x0001, 0x0001, 0x0001, 0x0001, 0x0001, 0x0001, 0x0001, 0x0001, 0x0001, 0x0001, 0x0001, 0x0001, 0x0001, 0x0001, 0x0001, 0x0001, 0x0001, 0x0001, 0x0001, 0x0001, 0x0001, 0x0001,
  0x0001, 0xFE6B, 0xFF2C, 0xFE4A, 0x0001, 0x0001, 0x0001, 0x0001, 0x0001, 0x0001, 0x0001, 0x0001, 0x0001, 0x0001, 0x0001, 0x0001, 0x0001, 0x0001, 0x0001, 0x0001, 0xFE4A, 0xFF2C, 0xFE6B, 0x0001,
  0xFE4A, 0xFEEC, 0xFE6B, 0x0001, 0x0001, 0x0001, 0x0001, 0x0001, 0x0001, 0x0001, 0x0001, 0x0001, 0x0001, 0x0001, 0x0001, 0x0001, 0x0001, 0x0001, 0x0001, 0x0001, 0x0001, 0xFE6B, 0xFEEC, 0xFE4A,
  0xFE4B, 0x0001, 0x0001, 0xFE8B, 0xFF2C, 0xFE8B, 0x0001, 0x0001, 0x0001, 0x0001, 0x0001, 0x0001, 0x0001, 0x0001, 0x0001, 0x0001, 0x0001, 0x0001, 0xFE8B, 0xFF2C, 0xFE8B, 0x0001, 0x0001, 0xFE4A,
  0x0001, 0x0001, 0xFECB, 0xFECB, 0x0001, 0x0001, 0x0001, 0x0001, 0x0001, 0x0001, 0x0001, 0x0001, 0x0001, 0x0001, 0x0001, 0x0001, 0x0001, 0x0001, 0x0001, 0x0001, 0xFECB, 0xFECB, 0x0001, 0x0001,
  0x0001, 0xFEAB, 0xFF0B, 0x0001, 0xE0C8, 0xE148, 0xE989, 0xE989, 0xE988, 0xE168, 0xD968, 0x0001, 0x0001, 0xD968, 0xE168, 0xE988, 0xE989, 0xE989, 0xE148, 0xE0C8, 0x0001, 0xFF0B, 0xFEAB, 0x0001,
  0xFE4B, 0xFEEB, 0x0001, 0xE128, 0xF189, 0xE168, 0xD968, 0xD968, 0xD968, 0xE188, 0xE989, 0xD968, 0xD968, 0xE989, 0xE188, 0xD968, 0xD968, 0xD968, 0xE168, 0xF189, 0xE128, 0x0001, 0xFEEB, 0xFE4B,
  0x0001, 0x0001, 0xD928, 0xF189, 0xD968, 0xD968, 0xD968, 0xD968, 0xD968, 0xD968, 0xD968, 0xE188, 0xE188, 0xD968, 0xD968, 0xD968, 0xD968, 0xD968, 0xD968, 0xD968, 0xF189, 0xD928, 0x0001, 0x0001,
  0x0001, 0x0001, 0xE989, 0xD968, 0xD968, 0xD968, 0xD968, 0xD968, 0xD968, 0xD968, 0xD968, 0xD968, 0xD968, 0xD968, 0xD968, 0xD968, 0xD968, 0xD968, 0xD968, 0xD968, 0xD968, 0xE989, 0x0001, 0x0001,
  0x0001, 0xD968, 0xE989, 0xD968, 0xD968, 0xD968, 0xD968, 0xD968, 0xD968, 0xD968, 0xD968, 0xD968, 0xD968, 0xD968, 0xD968, 0xD968, 0xD968, 0xD968, 0xD968, 0xD968, 0xD968, 0xE989, 0xD968, 0x0001,
  0x0001, 0xD968, 0xE989, 0xD968, 0xD968, 0xD968, 0xD968, 0xD968, 0xD968, 0xD968, 0xD968, 0xD968, 0xD968, 0xD968, 0xD968, 0xD968, 0xD968, 0xD968, 0xD968, 0xD968, 0xD968, 0xE989, 0xD968, 0x0001,
  0x0001, 0xD968, 0xE989, 0xD968, 0xD968, 0xD968, 0xD968, 0xD968, 0xD968, 0xD968, 0xD968, 0xD968, 0xD968, 0xD968, 0xD968, 0xD968, 0xD968, 0xD968, 0xD968, 0xD968, 0xD968, 0xE989, 0xD968, 0x0001,
  0x0001, 0x0001, 0xE989, 0xD968, 0xD968, 0xD968, 0xD968, 0xD968, 0xD968, 0xD968, 0xD968, 0xD968, 0xD968, 0xD968, 0xD968, 0xD968, 0xD968, 0xD968, 0xD968, 0xD968, 0xD968, 0xE989, 0x0001, 0x0001,
  0x0001, 0x0001, 0xD968, 0xE168, 0xD968, 0xD968, 0xD968, 0xD968, 0xD968, 0xD968, 0xD968, 0xD968, 0xD968, 0xD968, 0xD968, 0xD968, 0xD968, 0xD968, 0xD968, 0xD968, 0xE168, 0xD968, 0x0001, 0x0001,
  0x0001, 0x0001, 0xD968, 0xE989, 0xD968, 0xD968, 0xD968, 0xD968, 0xD968, 0xD968, 0xD968, 0xD968, 0xD968, 0xD968, 0xD968, 0xD968, 0xD968, 0xD968, 0xD968, 0xD968, 0xE989, 0xD968, 0x0001, 0x0001,
  0x0001, 0x0001, 0x0001, 0xE168, 0xE168, 0xD968, 0xD968, 0xD968, 0xD968, 0xD968, 0xD968, 0xD968, 0xD968, 0xD968, 0xD968, 0xD968, 0xD968, 0xD968, 0xD968, 0xE168, 0xE168, 0x0001, 0x0001, 0x0001,
  0x0001, 0x0001, 0x0001, 0xD968, 0xF189, 0xD968, 0xD968, 0xD968, 0xD968, 0xD968, 0xD968, 0xD968, 0xD968, 0xD968, 0xD968, 0xD968, 0xD968, 0xD968, 0xD968, 0xF189, 0xD968, 0x0001, 0x0001, 0x0001,
  0x0001, 0x0001, 0x0001, 0x0001, 0xD968, 0xE989, 0xD968, 0xD968, 0xD968, 0xD968, 0xD968, 0xD968, 0xD968, 0xD968, 0xD968, 0xD968, 0xD968, 0xD968, 0xE989, 0xD968, 0x0001, 0x0001, 0x0001, 0x0001,
  0x0001, 0x0001, 0x0001, 0x0001, 0x0001, 0xE168, 0xE989, 0xD968, 0xD968, 0xD968, 0xD968, 0xD968, 0xD968, 0xD968, 0xD968, 0xD968, 0xD968, 0xE989, 0xE168, 0x0001, 0x0001, 0x0001, 0x0001, 0x0001,
  0x0001, 0x0001, 0x0001, 0x0001, 0x0001, 0x0001, 0xE168, 0xE989, 0xD968, 0xD968, 0xD968, 0xD968, 0xD968, 0xD968, 0xD968, 0xD968, 0xE989, 0xE168, 0x0001, 0x0001, 0x0001, 0x0001, 0x0001, 0x0001,
  0x0001, 0x0001, 0x0001, 0x0001, 0x0001, 0x0001, 0x0001, 0xE168, 0xE989, 0xD968, 0xD968, 0xD968, 0xD968, 0xD968, 0xD968, 0xE989, 0xE168, 0x0001, 0x0001, 0x0001, 0x0001, 0x0001, 0x0001, 0x0001,
  0x0001, 0x0001, 0x0001, 0x0001, 0x0001, 0x0001, 0x0001, 0x0001, 0xE168, 0xE989, 0xE188, 0xD968, 0xD968, 0xE188, 0xE989, 0xE168, 0x0001, 0x0001, 0x0001, 0x0001, 0x0001, 0x0001, 0x0001, 0x0001,
  0x0001, 0x0001, 0x0001, 0x0001, 0x0001, 0x0001, 0x0001, 0x0001, 0x0001, 0xD968, 0xE168, 0xF189, 0xF189, 0xE168, 0xD968, 0x0001, 0x0001, 0x0001, 0x0001, 0x0001, 0x0001, 0x0001, 0x0001, 0x0001,
  0x0001, 0x0001, 0x0001, 0x0001, 0x0001, 0x0001, 0x0001, 0x0001, 0x0001, 0x0001, 0x0001, 0xE168, 0xE168, 0x0001, 0x0001, 0x0001, 0x0001, 0x0001, 0x0001, 0x0001, 0x0001, 0x0001, 0x0001, 0x0001
};

const uint16_t ICON_WORKOUT_16[256] PROGMEM = {
  0x2966, 0x2987, 0x0001, 0x0001, 0x0001, 0x0001, 0x0001, 0x0001, 0x0001, 0x0001, 0x0001, 0x0001, 0x0001, 0x0001, 0x2987, 0x2966,
  0x4249, 0x2146, 0x8C4D, 0xFF2C, 0xAD94, 0x9557, 0x9D56, 0xC56F, 0xCD6E, 0xA555, 0x9557, 0xAD94, 0xFF2C, 0x8C4D, 0x2146, 0x4249,
  0x2986, 0x2966, 0x0001, 0xFF2B, 0x0001, 0x0001, 0xFD67, 0xFE27, 0xFE07, 0xFD47, 0x0001, 0x0001, 0xFF2B, 0x0001, 0x2966, 0x2986,
  0x0001, 0x0001, 0x0001, 0xFEEB, 0xFEEB, 0x0001, 0xFDC8, 0xF66A, 0xF609, 0xFDC8, 0x0001, 0xFEEB, 0xFEEB, 0x0001, 0x0001, 0x0001,
  0x0001, 0x0001, 0x0001, 0x0001, 0xFEEB, 0xFF2B, 0xFE8A, 0xF66B, 0xF66B, 0xF66A, 0xFEEA, 0xFEEB, 0x0001, 0x0001, 0x0001, 0x0001,
  0x0001, 0x0001, 0x0001, 0x0001, 0xFEEB, 0xFE2B, 0xFD89, 0xF64B, 0xF64B, 0xFD89, 0xFE2B, 0xFEEB, 0x0001, 0x0001, 0x0001, 0x0001,
  0x0001, 0x0001, 0x0001, 0x0001, 0x0001, 0xFBA7, 0xFB67, 0xFDAA, 0xFDAA, 0xFB67, 0xFBA7, 0x0001, 0x0001, 0x0001, 0x0001, 0x0001,
  0x0001, 0x0001, 0x0001, 0x0001, 0x0001, 0xFB67, 0xFBC8, 0xFBC8, 0xFBC8, 0xFBC8, 0xFB67, 0x0001, 0x0001, 0x0001, 0x0001, 0x0001,
  0x0001, 0x0001, 0x0001, 0x0001, 0x0001, 0x0001, 0xFB87, 0xFBA7, 0xFBA8, 0xFB87, 0x0001, 0x0001, 0x0001, 0x0001, 0x0001, 0x0001,
  0x0001, 0x0001, 0x0001, 0x0001, 0x0001, 0x0001, 0xEB88, 0xF3C8, 0xF3A8, 0xF388, 0x0001, 0x0001, 0x0001, 0x0001, 0x0001, 0x0001,
  0x0001, 0x0001, 0x0001, 0x0001, 0x0001, 0x0001, 0xB329, 0xBB6A, 0xAAA7, 0xBB08, 0x0001, 0x0001, 0x0001, 0x0001, 0x0001, 0x0001,
  0x0001, 0x0001, 0x0001, 0x0001, 0x0001, 0x0001, 0xDAA4, 0xDAC4, 0xDAA4, 0xDA83, 0x0001, 0x0001, 0x0001, 0x0001, 0x0001, 0x0001,
  0x0001, 0x0001, 0x0001, 0x0001, 0x0001, 0x0001, 0xEAA3, 0xDA83, 0xDA83, 0xEAA3, 0x0001, 0x0001, 0x0001, 0x0001, 0x0001, 0x0001,
  0x0001, 0x0001, 0x0001, 0x0001, 0x0001, 0x0001, 0xFE2A, 0x0001, 0x0001, 0xFE0A, 0x0001, 0x0001, 0x0001, 0x0001, 0x0001, 0x0001,
  0x0001, 0x0001, 0x0001, 0x0001, 0x0001, 0x0001, 0xFECB, 0x0001, 0x0001, 0xFECB, 0x0001, 0x0001, 0x0001, 0x0001, 0x0001, 0x0001,
  0x0001, 0x0001, 0x0001, 0x0001, 0x0001, 0x0001, 0xFBC7, 0x0001, 0x0001, 0xFBC7, 0x0001, 0x0001, 0x0001, 0x0001, 0x0001, 0x0001
};

const uint16_t ICON_WORKOUT_24[576] PROGMEM = {
  0x0001, 0x2986, 0x2986, 0x0001, 0x0001, 0x0001, 0x0001, 0x0001, 0x0001, 0x0001, 0x0001, 0x0001, 0x0001, 0x0001, 0x0001, 0x0001, 0x0001, 0x0001, 0x0001, 0x0001, 0x0001, 0x2986, 0x2986, 0x0001,
  0x3A29, 0x2987, 0x2986, 0x3A29, 0x0001, 0x0001, 0x0001, 0x0001, 0x0001, 0x0001, 0x0001, 0x0001, 0x0001, 0x0001, 0x0001, 0x0001, 0x0001, 0x0001, 0x0001, 0x0001, 0x4229, 0x2986, 0x2987, 0x3A29,
  0x636E, 0x2966, 0x2145, 0x638F, 0xF70D, 0xFF4B, 0xB5B3, 0x9537, 0x9556, 0x9557, 0xAD53, 0xCD6E, 0xDD6C, 0xBD70, 0x9557, 0x9D56, 0x9537, 0xB5B3, 0xFF4B, 0xF70D, 0x638F, 0x2145, 0x2966, 0x636E,
  0x0001, 0x29A7, 0x29A7, 0x0001, 0x0001, 0xFF4C, 0x0001, 0x0001, 0x0001, 0xFD44, 0xFD85, 0xFD65, 0xFD85, 0xFD85, 0xFD45, 0x0001, 0x0001, 0x0001, 0xFF4C, 0x0001, 0x0001, 0x29A7, 0x29A7, 0x0001,
  0x0001, 0x2986, 0x2986, 0x0001, 0x0001, 0xFF2C, 0xFECB, 0x0001, 0x0001, 0xFD46, 0xFE48, 0xFE29, 0xFD86, 0xFDC7, 0xFD66, 0x0001, 0x0001, 0xFECB, 0xFF2C, 0x0001, 0x0001, 0x2986, 0x2986, 0x0001,
  0x0001, 0x0001, 0x0001, 0x0001, 0x0001, 0xFECB, 0xFF2C, 0x0001, 0x0001, 0xFDE8, 0xEE2A, 0xF66B, 0xF64A, 0xEDEA, 0xFE08, 0x0001, 0x0001, 0xFF2C, 0xFECB, 0x0001, 0x0001, 0x0001, 0x0001, 0x0001,
  0x0001, 0x0001, 0x0001, 0x0001, 0x0001, 0x0001, 0xFF8C, 0xFEEB, 0x0001, 0xFE89, 0xE5CA, 0xE5EA, 0xE5EA, 0xDDAA, 0xFE69, 0x0001, 0xFF0C, 0xFF8C, 0x0001, 0x0001, 0x0001, 0x0001, 0x0001, 0x0001,
  0x0001, 0x0001, 0x0001, 0x0001, 0x0001, 0x0001, 0xFECB, 0xFFED, 0xFF0B, 0xFE8A, 0xFFAC, 0xF62B, 0xF62B, 0xFFAC, 0xFE69, 0xFF0B, 0xFFED, 0xFECB, 0x0001, 0x0001, 0x0001, 0x0001, 0x0001, 0x0001,
  0x0001, 0x0001, 0x0001, 0x0001, 0x0001, 0x0001, 0x0001, 0xFEAB, 0xFD8A, 0xFBE7, 0xFEEB, 0xED8B, 0xED8B, 0xFEEB, 0xFBE7, 0xFD8A, 0xFEAB, 0x0001, 0x0001, 0x0001, 0x0001, 0x0001, 0x0001, 0x0001,
  0x0001, 0x0001, 0x0001, 0x0001, 0x0001, 0x0001, 0x0001, 0xFBC8, 0xFBC8, 0xFB87, 0xFBA7, 0xFEEB, 0xFEEB, 0xFBA7, 0xFB87, 0xFBC8, 0xFBC8, 0x0001, 0x0001, 0x0001, 0x0001, 0x0001, 0x0001, 0x0001,
  0x0001, 0x0001, 0x0001, 0x0001, 0x0001, 0x0001, 0x0001, 0x0001, 0xFBA7, 0xFBC8, 0xFBA7, 0xFD29, 0xFD29, 0xFBA7, 0xFBC8, 0xFBA7, 0x0001, 0x0001, 0x0001, 0x0001, 0x0001, 0x0001, 0x0001, 0x0001,
  0x0001, 0x0001, 0x0001, 0x0001, 0x0001, 0x0001, 0x0001, 0x0001, 0xF387, 0xFBC8, 0xFBA7, 0xFB67, 0xFB67, 0xFBA7, 0xFBC8, 0xF387, 0x0001, 0x0001, 0x0001, 0x0001, 0x0001, 0x0001, 0x0001, 0x0001,
  0x0001, 0x0001, 0x0001, 0x0001, 0x0001, 0x0001, 0x0001, 0x0001, 0x0001, 0xFBA7, 0xFBC8, 0xFBA7, 0xFBA7, 0xFBC8, 0xFBA7, 0x0001, 0x0001, 0x0001, 0x0001, 0x0001, 0x0001, 0x0001, 0x0001, 0x0001,
  0x0001, 0x0001, 0x0001, 0x0001, 0x0001, 0x0001, 0x0001, 0x0001, 0x0001, 0xFB87, 0xFBC8, 0xFBA7, 0xFBA7, 0xFBE8, 0xFB87, 0x0001, 0x0001, 0x0001, 0x0001, 0x0001, 0x0001, 0x0001, 0x0001, 0x0001,
  0x0001, 0x0001, 0x0001, 0x0001, 0x0001, 0x0001, 0x0001, 0x0001, 0x0001, 0xFB87, 0xF3C9, 0xF3A8, 0xF387, 0xFBC8, 0xF387, 0x0001, 0x0001, 0x0001, 0x0001, 0x0001, 0x0001, 0x0001, 0x0001, 0x0001,
  0x0001, 0x0001, 0x0001, 0x0001, 0x0001, 0x0001, 0x0001, 0x0001, 0x0001, 0xB308, 0xA38C, 0xAB4A, 0x7A47, 0xA2E9, 0xD38A, 0x0001, 0x0001, 0x0001, 0x0001, 0x0001, 0x0001, 0x0001, 0x0001, 0x0001,
  0x0001, 0x0001, 0x0001, 0x0001, 0x0001, 0x0001, 0x0001, 0x0001, 0x0001, 0xD2C5, 0xCB28, 0xCB07, 0xC285, 0xCAC5, 0xDAE5, 0x0001, 0x0001, 0x0001, 0x0001, 0x0001, 0x0001, 0x0001, 0x0001, 0x0001,
  0x0001, 0x0001, 0x0001, 0x0001, 0x0001, 0x0001, 0x0001, 0x0001, 0x0001, 0xDAA3, 0xF2C3, 0xE2A3, 0xE2A3, 0xF2C3, 0xDAA3, 0x0001, 0x0001, 0x0001, 0x0001, 0x0001, 0x0001, 0x0001, 0x0001, 0x0001,
  0x0001, 0x0001, 0x0001, 0x0001, 0x0001, 0x0001, 0x0001, 0x0001, 0x0001, 0xDA63, 0xF2A3, 0xDAA3, 0xDAA3, 0xF2A3, 0xDA63, 0x0001, 0x0001, 0x0001, 0x0001, 0x0001, 0x0001, 0x0001, 0x0001, 0x0001,
  0x0001, 0x0001, 0x0001, 0x0001, 0x0001, 0x0001, 0x0001, 0x0001, 0x0001, 0xEBA5, 0xEB85, 0x0001, 0x0001, 0xEB85, 0xEB85, 0x0001, 0x0001, 0x0001, 0x0001, 0x0001, 0x0001, 0x0001, 0x0001, 0x0001,
  0x0001, 0x0001, 0x0001, 0x0001, 0x0001, 0x0001, 0x0001, 0x0001, 0x0001, 0xFEEB, 0xFEEB, 0x0001, 0x0001, 0xFEEB, 0xFECB, 0x0001, 0x0001, 0x0001, 0x0001, 0x0001, 0x0001, 0x0001, 0x0001, 0x0001,
  0x0001, 0x0001, 0x0001, 0x0001, 0x0001, 0x0001, 0x0001, 0x0001, 0x0001, 0xFF0B, 0xFF2C, 0x0001, 0x0001, 0xFF2C, 0xFF2B, 0x0001, 0x0001, 0x0001, 0x0001, 0x0001, 0x0001, 0x0001, 0x0001, 0x0001,
  0x0001, 0x0001, 0x0001, 0x0001, 0x0001, 0x0001, 0x0001, 0x0001, 0x0001, 0xFD09, 0xFCE9, 0x0001, 0x0001, 0xFCE9, 0xFD09, 0x0001, 0x0001, 0x0001, 0x0001, 0x0001, 0x0001, 0x0001, 0x0001, 0x0001,
  0x0001, 0x0001, 0x0001, 0x0001, 0x0001, 0x0001, 0x0001, 0x0001, 0x0001, 0xFB67, 0xFB67, 0x0001, 0x0001, 0xFB87, 0xFB67, 0x0001, 0x0001, 0x0001, 0x0001, 0x0001, 0x0001, 0x0001, 0x0001, 0x0001
};

const uint16_t ICON_CONCERT_16[256] PROGMEM = {
  0x0001, 0x0001, 0x0001, 0x0001, 0x0001, 0x0001, 0x0001, 0x0001, 0x0001, 0x0001, 0x0001, 0x0001, 0x0001, 0xB8E6, 0x0001, 0x0001,
  0x0001, 0x0001, 0x0001, 0x0001, 0x0001, 0x0001, 0x0001, 0x0001, 0x0001, 0x0001, 0x0001, 0x0001, 0x91EA, 0xD0C6, 0xC0C6, 0x0001,
  0x0001, 0x0001, 0x0001, 0x0001, 0x0001, 0x0001, 0x0001, 0x0001, 0x0001, 0x0001, 0x0001, 0x0001, 0xB885, 0xC0C6, 0xD0C6, 0xB8E6,
  0x0001, 0x0001, 0x0001, 0x0001, 0x0001, 0x0001, 0x0001, 0x0001, 0x0001, 0x0001, 0x0001, 0x8492, 0xC32F, 0xC085, 0x99EA, 0x0001,
  0x0001, 0x0001, 0x0001, 0x0001, 0x0001, 0x0001, 0x0001, 0x0001, 0x0001, 0x0001, 0x8472, 0xB639, 0x8452, 0x0001, 0x0001, 0x0001,
  0x0001, 0x0001, 0x0001, 0x0001, 0x0001, 0x0001, 0x0001, 0x0001, 0x0001, 0x8492, 0xBE19, 0x7C31, 0x0001, 0x0001, 0x0001, 0x0001,
  0x0001, 0x0001, 0x0001, 0x0001, 0x0001, 0xB8A6, 0xC8C6, 0xC065, 0x9AAC, 0xAE18, 0x7C31, 0x0001, 0x0001, 0x0001, 0x0001, 0x0001,
  0x0001, 0x0001, 0x0001, 0x0001, 0x0001, 0xB865, 0xE515, 0xBCB3, 0xA597, 0x7C51, 0x0001, 0x0001, 0x0001, 0x0001, 0x0001, 0x0001,
  0x0001, 0xB8C6, 0xC0C6, 0xB844, 0xB824, 0xBA8C, 0x8CF3, 0xD75D, 0x8AAC, 0x0001, 0x0001, 0x0001, 0x0001, 0x0001, 0x0001, 0x0001,
  0xB8C6, 0xC8E7, 0xC0A6, 0xCA2B, 0xDC73, 0xEF7E, 0xBE39, 0x8492, 0xDD35, 0xDB4F, 0xB907, 0x0001, 0x0001, 0x0001, 0x0001, 0x0001,
  0xB8C6, 0xC065, 0xE453, 0xEFDF, 0x84B3, 0xD71C, 0xEF7E, 0xE71C, 0xFEFC, 0xE494, 0x0001, 0x0001, 0x0001, 0x0001, 0x0001, 0x0001,
  0xB8C6, 0xC085, 0xB34E, 0xAE38, 0xC67A, 0x8C72, 0xFFFF, 0xED97, 0x0001, 0x0001, 0x0001, 0x0001, 0x0001, 0x0001, 0x0001, 0x0001,
  0xB8C6, 0xC8E6, 0x9864, 0x2905, 0xB618, 0xBDF7, 0xEF9E, 0xE515, 0x0001, 0x0001, 0x0001, 0x0001, 0x0001, 0x0001, 0x0001, 0x0001,
  0xB8C6, 0xC8E7, 0xC0C6, 0x9885, 0xB26B, 0x9CB3, 0xCEDB, 0xE453, 0x0001, 0x0001, 0x0001, 0x0001, 0x0001, 0x0001, 0x0001, 0x0001,
  0x0001, 0xB8C6, 0xC8E7, 0xC8C6, 0xC085, 0xE639, 0xD556, 0xC9A9, 0x0001, 0x0001, 0x0001, 0x0001, 0x0001, 0x0001, 0x0001, 0x0001,
  0x0001, 0x0001, 0xB8C6, 0xB8C6, 0xB8A6, 0xDB2F, 0xCA0B, 0x0001, 0x0001, 0x0001, 0x0001, 0x0001, 0x0001, 0x0001, 0x0001, 0x0001
};

const uint16_t ICON_CONCERT_24[576] PROGMEM = {
  0x0001, 0x0001, 0x0001, 0x0001, 0x0001, 0x0001, 0x0001, 0x0001, 0x0001, 0x0001, 0x0001, 0x0001, 0x0001, 0x0001, 0x0001, 0x0001, 0x0001, 0x0001, 0x0001, 0x0001, 0xC0A5, 0x0001, 0x0001, 0x0001,
  0x0001, 0x0001, 0x0001, 0x0001, 0x0001, 0x0001, 0x0001, 0x0001, 0x0001, 0x0001, 0x0001, 0x0001, 0x0001, 0x0001, 0x0001, 0x0001, 0x0001, 0x0001, 0x5BF0, 0xA948, 0xD0C7, 0xB8C6, 0x0001, 0x0001,
  0x0001, 0x0001, 0x0001, 0x0001, 0x0001, 0x0001, 0x0001, 0x0001, 0x0001, 0x0001, 0x0001, 0x0001, 0x0001, 0x0001, 0x0001, 0x0001, 0x0001, 0x5C31, 0x922A, 0xC0A5, 0xB8C6, 0xC8E7, 0xB8C6, 0x0001,
  0x0001, 0x0001, 0x0001, 0x0001, 0x0001, 0x0001, 0x0001, 0x0001, 0x0001, 0x0001, 0x0001, 0x0001, 0x0001, 0x0001, 0x0001, 0x0001, 0x0001, 0x0001, 0xB8A6, 0xC0C6, 0xB8C6, 0xB8C6, 0xD0C7, 0xC085,
  0x0001, 0x0001, 0x0001, 0x0001, 0x0001, 0x0001, 0x0001, 0x0001, 0x0001, 0x0001, 0x0001, 0x0001, 0x0001, 0x0001, 0x0001, 0x0001, 0x0001, 0x0001, 0xB927, 0xB8A6, 0xC0C6, 0xC0A6, 0xB147, 0x0001,
  0x0001, 0x0001, 0x0001, 0x0001, 0x0001, 0x0001, 0x0001, 0x0001, 0x0001, 0x0001, 0x0001, 0x0001, 0x0001, 0x0001, 0x0001, 0x0001, 0x0001, 0x8CF4, 0xBD15, 0xC127, 0xB8A6, 0x920A, 0x5BD0, 0x0001,
  0x0001, 0x0001, 0x0001, 0x0001, 0x0001, 0x0001, 0x0001, 0x0001, 0x0001, 0x0001, 0x0001, 0x0001, 0x0001, 0x0001, 0x0001, 0x0001, 0x8CB3, 0xCE9B, 0x84B3, 0x0001, 0x0001, 0x5C11, 0x0001, 0x0001,
  0x0001, 0x0001, 0x0001, 0x0001, 0x0001, 0x0001, 0x0001, 0x0001, 0x0001, 0x0001, 0x0001, 0x0001, 0x0001, 0x0001, 0x0001, 0x8CB3, 0xCE9B, 0x8C92, 0x0001, 0x0001, 0x0001, 0x0001, 0x0001, 0x0001,
  0x0001, 0x0001, 0x0001, 0x0001, 0x0001, 0x0001, 0x0001, 0x0001, 0x0001, 0x0001, 0xB8C6, 0xC0C6, 0x0001, 0x0001, 0x8CB3, 0xCE9B, 0x8C92, 0x0001, 0x0001, 0x0001, 0x0001, 0x0001, 0x0001, 0x0001,
  0x0001, 0x0001, 0x0001, 0x0001, 0x0001, 0x0001, 0x0001, 0x0001, 0xB8C6, 0xC8A6, 0xC085, 0xD0C6, 0xA085, 0x8C92, 0xC69B, 0x8C92, 0x0001, 0x0001, 0x0001, 0x0001, 0x0001, 0x0001, 0x0001, 0x0001,
  0x0001, 0x0001, 0x0001, 0x0001, 0x0001, 0x0001, 0x0001, 0x0001, 0xC8A6, 0xC9EA, 0xCAAD, 0xA064, 0x9411, 0xC69A, 0x8C92, 0x0001, 0x0001, 0x0001, 0x0001, 0x0001, 0x0001, 0x0001, 0x0001, 0x0001,
  0x0001, 0x0001, 0x0001, 0x0001, 0x0001, 0x0001, 0x0001, 0xB8A6, 0xC085, 0xE5D8, 0xF7DF, 0x9C93, 0xB659, 0x8C93, 0x0001, 0x0001, 0x0001, 0x0001, 0x0001, 0x0001, 0x0001, 0x0001, 0x0001, 0x0001,
  0x0001, 0x0001, 0x0001, 0xB8C6, 0xB8C6, 0xB8C6, 0xB8C6, 0xC045, 0xB22B, 0x5B2C, 0xC69A, 0xD71C, 0x8BD0, 0x0001, 0x0001, 0x0001, 0x0001, 0x0001, 0x0001, 0x0001, 0x0001, 0x0001, 0x0001, 0x0001,
  0x0001, 0xB8C6, 0xC8E7, 0xC8E7, 0xC0A6, 0xC045, 0xB865, 0xCAAD, 0xDEBB, 0x8CD3, 0xAD97, 0xBE7A, 0xBA8C, 0xB801, 0x0001, 0x0001, 0x0001, 0x0001, 0x0001, 0x0001, 0x0001, 0x0001, 0x0001, 0x0001,
  0x0001, 0xC0E6, 0xB8E6, 0xB885, 0xB927, 0xD390, 0xE577, 0xF7DF, 0xE79E, 0xE75D, 0x8C92, 0x530C, 0xF75D, 0xE494, 0xEBD1, 0xB907, 0x0001, 0x0001, 0x0001, 0x0001, 0x0001, 0x0001, 0x0001, 0x0001,
  0xB8C6, 0xC8E7, 0xB885, 0xC1EA, 0xF6FC, 0xE77D, 0x532C, 0xBE39, 0xDF3D, 0xE77E, 0xE71C, 0xDF3D, 0xFFFF, 0xFFFF, 0xF577, 0xB8C6, 0x0001, 0x0001, 0x0001, 0x0001, 0x0001, 0x0001, 0x0001, 0x0001,
  0xB8C6, 0xC0C6, 0xB044, 0xD412, 0xFFFF, 0xE77D, 0x8C92, 0xA596, 0xBE18, 0xF7DF, 0xFFFF, 0xF69B, 0xCB0E, 0xC9EA, 0xB024, 0x0001, 0x0001, 0x0001, 0x0001, 0x0001, 0x0001, 0x0001, 0x0001, 0x0001,
  0xB8C6, 0xC0C6, 0xB8A5, 0xB9C9, 0x636E, 0xB5D7, 0xF7DF, 0x8C92, 0x52CB, 0xF7BE, 0xFFFF, 0xCB0E, 0x0001, 0x0001, 0x0001, 0x0001, 0x0001, 0x0001, 0x0001, 0x0001, 0x0001, 0x0001, 0x0001, 0x0001,
  0xB8C6, 0xC0C6, 0xB8C6, 0xB8A5, 0x40A4, 0x1966, 0xB5F8, 0xEF7D, 0xD6DB, 0xFFDF, 0xFFFF, 0xCB4F, 0x0001, 0x0001, 0x0001, 0x0001, 0x0001, 0x0001, 0x0001, 0x0001, 0x0001, 0x0001, 0x0001, 0x0001,
  0xB8C6, 0xC8E7, 0xB8C6, 0xC0C6, 0xB8C6, 0x40C4, 0x5A8B, 0xFF9E, 0x4A8A, 0xB5D7, 0xFFFF, 0xCB0E, 0x0001, 0x0001, 0x0001, 0x0001, 0x0001, 0x0001, 0x0001, 0x0001, 0x0001, 0x0001, 0x0001, 0x0001,
  0x0001, 0xB8C6, 0xC0C6, 0xB8C6, 0xC0C6, 0xB8C6, 0xA864, 0xDC73, 0x9D35, 0xB5F7, 0xFFBF, 0xC189, 0x0001, 0x0001, 0x0001, 0x0001, 0x0001, 0x0001, 0x0001, 0x0001, 0x0001, 0x0001, 0x0001, 0x0001,
  0x0001, 0xB8A6, 0xC8E7, 0xC0C6, 0xB8C6, 0xB8C6, 0xB865, 0xD28C, 0xCEDB, 0xA596, 0xEC32, 0x0001, 0x0001, 0x0001, 0x0001, 0x0001, 0x0001, 0x0001, 0x0001, 0x0001, 0x0001, 0x0001, 0x0001, 0x0001,
  0x0001, 0x0001, 0xB8C6, 0xC0C6, 0xC8E7, 0xC0C6, 0xB885, 0xC9EA, 0xFF7E, 0xE433, 0xB024, 0x0001, 0x0001, 0x0001, 0x0001, 0x0001, 0x0001, 0x0001, 0x0001, 0x0001, 0x0001, 0x0001, 0x0001, 0x0001,
  0x0001, 0x0001, 0x0001, 0x0001, 0xC0C6, 0xB8C6, 0xB8C6, 0xB8E6, 0xC1A9, 0x0001, 0x0001, 0x0001, 0x0001, 0x0001, 0x0001, 0x0001, 0x0001, 0x0001, 0x0001, 0x0001, 0x0001, 0x0001, 0x0001, 0x0001
};

const uint16_t ICON_LAKE_16[256] PROGMEM = {
  0x0001, 0x0001, 0x0001, 0x0001, 0x0001, 0x0001, 0x0001, 0x0001, 0x0001, 0x0001, 0x0001, 0x0001, 0x0001, 0x0001, 0x0001, 0x0001,
  0x0001, 0x0001, 0x0001, 0x0001, 0x0001, 0x0001, 0x5D9E, 0x557E, 0x557E, 0x5D9E, 0x0001, 0x0001, 0x0001, 0x0001, 0x0001, 0x0001,
  0x0001, 0x0001, 0x0001, 0x0001, 0x5D9E, 0x5DDF, 0x5DDF, 0x5DDF, 0x5DDF, 0x5DFF, 0x5D9E, 0x0001, 0x0001, 0x0001, 0x0001, 0x0001,
  0x0001, 0x0001, 0x0001, 0x5D9E, 0x5DBF, 0x557E, 0x5D9E, 0x555D, 0x553D, 0x559E, 0x5DFF, 0x5DDF, 0x0001, 0x0001, 0x0001, 0x0001,
  0x0001, 0x0001, 0x5D9E, 0x5D9E, 0x557D, 0x557E, 0x3C38, 0x2394, 0x2333, 0x2B95, 0x4499, 0x5DDF, 0x557E, 0x0001, 0x0001, 0x0001,
  0x0001, 0x555D, 0x5DDF, 0x555D, 0x5D9E, 0x3C37, 0x1B12, 0x1B12, 0x0001, 0x0001, 0x0001, 0x0001, 0x559E, 0x0001, 0x0001, 0x0001,
  0x0001, 0x5DBF, 0x557D, 0x557E, 0x4D1C, 0x2354, 0x2312, 0x0001, 0x0001, 0x0001, 0x0001, 0x0001, 0x0001, 0x0001, 0x0001, 0x0001,
  0x555D, 0x5DDF, 0x557D, 0x5D9E, 0x44BA, 0x2353, 0x2332, 0x0001, 0x0001, 0x0001, 0x0001, 0x0001, 0x0001, 0x0001, 0x0001, 0x0001,
  0x557D, 0x5DBF, 0x557D, 0x5D9E, 0x44DA, 0x2333, 0x2333, 0x0001, 0x0001, 0x0001, 0x0001, 0x0001, 0x0001, 0x0001, 0x0001, 0x0001,
  0x557D, 0x5D9E, 0x557D, 0x557E, 0x555D, 0x2374, 0x2353, 0x2333, 0x0001, 0x0001, 0x0001, 0x0001, 0x0001, 0x0001, 0x0001, 0x0001,
  0x557D, 0x559E, 0x557D, 0x557D, 0x5D9E, 0x44BA, 0x2333, 0x1B33, 0x2333, 0x0001, 0x0001, 0x0001, 0x0001, 0x0001, 0x557E, 0x555D,
  0x557D, 0x559E, 0x557D, 0x557D, 0x557D, 0x5D9E, 0x4CFB, 0x33D6, 0x2B95, 0x2333, 0x2332, 0x2353, 0x33F7, 0x4D1C, 0x5DFF, 0x557D,
  0x557D, 0x559E, 0x557D, 0x557D, 0x557D, 0x557D, 0x5D9E, 0x5D9E, 0x555D, 0x4D1C, 0x4D3C, 0x557E, 0x5DBF, 0x5DBF, 0x559E, 0x557D,
  0x557D, 0x559E, 0x557D, 0x557D, 0x557D, 0x557D, 0x557D, 0x557D, 0x557E, 0x557E, 0x557E, 0x557E, 0x557D, 0x557D, 0x559E, 0x557D,
  0x555D, 0x5DBF, 0x559E, 0x559E, 0x559E, 0x559E, 0x559E, 0x559E, 0x559E, 0x559E, 0x559E, 0x559E, 0x559E, 0x559E, 0x5DBF, 0x555D,
  0x557D, 0x5DBF, 0x557D, 0x557D, 0x557D, 0x557D, 0x557D, 0x557D, 0x557D, 0x557D, 0x557D, 0x557D, 0x557D, 0x557D, 0x5DBF, 0x555D
};

const uint16_t ICON_LAKE_24[576] PROGMEM = {
  0x0001, 0x0001, 0x0001, 0x0001, 0x0001, 0x0001, 0x0001, 0x0001, 0x0001, 0x0001, 0x0001, 0x0001, 0x0001, 0x0001, 0x0001, 0x0001, 0x0001, 0x0001, 0x0001, 0x0001, 0x0001, 0x0001, 0x0001, 0x0001,
  0x0001, 0x0001, 0x0001, 0x0001, 0x0001, 0x0001, 0x0001, 0x0001, 0x0001, 0x0001, 0x0001, 0x0001, 0x0001, 0x0001, 0x0001, 0x0001, 0x0001, 0x0001, 0x0001, 0x0001, 0x0001, 0x0001, 0x0001, 0x0001,
  0x0001, 0x0001, 0x0001, 0x0001, 0x0001, 0x0001, 0x0001, 0x0001, 0x5D9E, 0x557E, 0x557E, 0x557D, 0x557E, 0x557E, 0x559E, 0x0001, 0x0001, 0x0001, 0x0001, 0x0001, 0x0001, 0x0001, 0x0001, 0x0001,
  0x0001, 0x0001, 0x0001, 0x0001, 0x0001, 0x0001, 0x559E, 0x559E, 0x5DDF, 0x5D9F, 0x557E, 0x557E, 0x557E, 0x5D9E, 0x5DDF, 0x5D9E, 0x557E, 0x0001, 0x0001, 0x0001, 0x0001, 0x0001, 0x0001, 0x0001,
  0x0001, 0x0001, 0x0001, 0x0001, 0x0001, 0x559E, 0x5DDF, 0x557E, 0x557D, 0x557D, 0x557D, 0x557E, 0x557E, 0x557E, 0x557D, 0x557E, 0x5DFF, 0x557E, 0x0001, 0x0001, 0x0001, 0x0001, 0x0001, 0x0001,
  0x0001, 0x0001, 0x0001, 0x0001, 0x5D9E, 0x5DBF, 0x555D, 0x557D, 0x557D, 0x5D9E, 0x557E, 0x553C, 0x4D1C, 0x553D, 0x5D9E, 0x5D9E, 0x557D, 0x5DFF, 0x555D, 0x0001, 0x0001, 0x0001, 0x0001, 0x0001,
  0x0001, 0x0001, 0x0001, 0x559E, 0x5DBF, 0x555D, 0x557D, 0x557D, 0x5D9E, 0x4CFB, 0x33D6, 0x2374, 0x2374, 0x2394, 0x33F6, 0x44DB, 0x5DBF, 0x5DBF, 0x5DBF, 0x0001, 0x0001, 0x0001, 0x0001, 0x0001,
  0x0001, 0x0001, 0x555D, 0x5DDF, 0x555D, 0x557D, 0x557D, 0x5D9E, 0x44DA, 0x2333, 0x2333, 0x2333, 0x2332, 0x0001, 0x0001, 0x0001, 0x3C58, 0x557D, 0x665F, 0x557D, 0x0001, 0x0001, 0x0001, 0x0001,
  0x0001, 0x0001, 0x5DDF, 0x557D, 0x557D, 0x557D, 0x557E, 0x553C, 0x2353, 0x2333, 0x2353, 0x0001, 0x0001, 0x0001, 0x0001, 0x0001, 0x0001, 0x0001, 0x559D, 0x557D, 0x0001, 0x0001, 0x0001, 0x0001,
  0x0001, 0x555D, 0x5DBF, 0x557D, 0x557D, 0x557D, 0x5D9E, 0x3C38, 0x1B12, 0x2374, 0x2333, 0x0001, 0x0001, 0x0001, 0x0001, 0x0001, 0x0001, 0x0001, 0x0001, 0x0001, 0x0001, 0x0001, 0x0001, 0x0001,
  0x0001, 0x557E, 0x557E, 0x557D, 0x557D, 0x557D, 0x557D, 0x2BB5, 0x2333, 0x2333, 0x0001, 0x0001, 0x0001, 0x0001, 0x0001, 0x0001, 0x0001, 0x0001, 0x0001, 0x0001, 0x0001, 0x0001, 0x0001, 0x0001,
  0x555D, 0x5DDF, 0x557D, 0x557D, 0x557D, 0x557E, 0x555D, 0x2374, 0x2333, 0x2332, 0x0001, 0x0001, 0x0001, 0x0001, 0x0001, 0x0001, 0x0001, 0x0001, 0x0001, 0x0001, 0x0001, 0x0001, 0x0001, 0x0001,
  0x555D, 0x5DDF, 0x557D, 0x557D, 0x557D, 0x557E, 0x555D, 0x2B74, 0x2333, 0x2333, 0x0001, 0x0001, 0x0001, 0x0001, 0x0001, 0x0001, 0x0001, 0x0001, 0x0001, 0x0001, 0x0001, 0x0001, 0x0001, 0x0001,
  0x557D, 0x5DBF, 0x557D, 0x557D, 0x557D, 0x557D, 0x5D9E, 0x33D6, 0x1B12, 0x2374, 0x2332, 0x0001, 0x0001, 0x0001, 0x0001, 0x0001, 0x0001, 0x0001, 0x0001, 0x0001, 0x0001, 0x0001, 0x0001, 0x0001,
  0x557D, 0x5D9E, 0x557D, 0x557D, 0x557D, 0x557D, 0x5D9E, 0x44BA, 0x1B12, 0x2333, 0x2354, 0x2333, 0x0001, 0x0001, 0x0001, 0x0001, 0x0001, 0x0001, 0x0001, 0x0001, 0x0001, 0x0001, 0x0001, 0x0001,
  0x557D, 0x559E, 0x557D, 0x557D, 0x557D, 0x557D, 0x557D, 0x557E, 0x33F6, 0x1AF2, 0x2333, 0x2354, 0x2333, 0x0001, 0x0001, 0x0001, 0x0001, 0x0001, 0x0001, 0x0001, 0x0001, 0x0001, 0x5DDF, 0x0001,
  0x557D, 0x559E, 0x557D, 0x557D, 0x557D, 0x557D, 0x557D, 0x557E, 0x557D, 0x3417, 0x1B12, 0x1B12, 0x2354, 0x2333, 0x2333, 0x0001, 0x0001, 0x0001, 0x0001, 0x0001, 0x4CFB, 0x557E, 0x661F, 0x557D,
  0x557D, 0x559E, 0x557D, 0x557D, 0x557D, 0x557D, 0x557D, 0x557D, 0x557E, 0x5D9E, 0x4CDB, 0x33F6, 0x2B74, 0x2354, 0x2374, 0x2353, 0x2333, 0x2353, 0x33D6, 0x44DA, 0x5DBF, 0x559E, 0x557E, 0x557D,
  0x557D, 0x559E, 0x557D, 0x557D, 0x557D, 0x557D, 0x557D, 0x557D, 0x557D, 0x557D, 0x5D9E, 0x5D9E, 0x555D, 0x4D1C, 0x4CFB, 0x4CDB, 0x4D1C, 0x555D, 0x5D9E, 0x5D9E, 0x557D, 0x557D, 0x559E, 0x557D,
  0x557D, 0x559E, 0x557D, 0x557D, 0x557D, 0x557D, 0x557D, 0x557D, 0x557D, 0x557D, 0x557D, 0x557D, 0x557E, 0x557E, 0x5D9E, 0x5D9E, 0x557E, 0x557E, 0x557D, 0x557D, 0x557D, 0x557D, 0x559E, 0x557D,
  0x557D, 0x559E, 0x557D, 0x557D, 0x557D, 0x557D, 0x557D, 0x557D, 0x557D, 0x557D, 0x557D, 0x557D, 0x557D, 0x557D, 0x557D, 0x557D, 0x557D, 0x557D, 0x557D, 0x557D, 0x557D, 0x557D, 0x559E, 0x557D,
  0x557D, 0x559E, 0x557D, 0x557D, 0x557D, 0x557D, 0x557D, 0x557D, 0x557D, 0x557D, 0x557D, 0x557D, 0x557D, 0x557D, 0x557D, 0x557D, 0x557D, 0x557D, 0x557D, 0x557D, 0x557D, 0x557D, 0x559E, 0x557D,
  0x557D, 0x5DFF, 0x559E, 0x559E, 0x559E, 0x559E, 0x559E, 0x559E, 0x559E, 0x559E, 0x559E, 0x559E, 0x559E, 0x559E, 0x559E, 0x559E, 0x559E, 0x559E, 0x559E, 0x559E, 0x559E, 0x559E, 0x5DFF, 0x557D,
  0x0001, 0x559E, 0x557E, 0x557D, 0x557D, 0x557D, 0x557D, 0x557D, 0x557D, 0x557D, 0x557D, 0x557D, 0x557D, 0x557D, 0x557D, 0x557D, 0x557D, 0x557D, 0x557D, 0x557D, 0x557D, 0x559E, 0x559E, 0x0001
};

const uint16_t ICON_TIKI_16[256] PROGMEM = {
  0x0001, 0x0001, 0x0001, 0x0001, 0x0001, 0xCEBB, 0xCEDC, 0xCEDC, 0x0001, 0xCEBB, 0xD6DC, 0xC69B, 0xCEDC, 0x0001, 0x0001, 0x0001,
  0x0001, 0x0001, 0xDF3D, 0xDF3D, 0xBE7A, 0xBE3A, 0xADF9, 0xC67B, 0xD6FC, 0xDF3D, 0xC69B, 0xB5F9, 0xDF5E, 0xEF9F, 0x0001, 0x0001,
  0x0001, 0x0001, 0xD6DC, 0xCEBB, 0xC69B, 0xADD8, 0xA5B7, 0xA5D9, 0xC69B, 0xCEFC, 0xC67A, 0xC67B, 0xCEBB, 0xD6FC, 0x0001, 0x0001,
  0x0001, 0x0001, 0x0001, 0x0001, 0xDF1C, 0xC67A, 0xBE7B, 0xCE58, 0xCEBA, 0xDDF5, 0xF509, 0x0001, 0x0001, 0x0001, 0x0001, 0x0001,
  0x0001, 0x0001, 0x0001, 0x0001, 0x0001, 0x0001, 0xED8E, 0xFC86, 0xF447, 0xFCA6, 0xFD22, 0x0001, 0x0001, 0x0001, 0x0001, 0x0001,
  0x0001, 0x0001, 0x0001, 0x0001, 0x0001, 0x0001, 0xFC43, 0xFC45, 0xFC45, 0xFC25, 0x0001, 0x0001, 0x0001, 0x0001, 0x0001, 0x0001,
  0x0001, 0x0001, 0x0001, 0x0001, 0x0001, 0xF4E6, 0xA328, 0xCAE6, 0xF365, 0xCB85, 0x8226, 0xD2C5, 0x0001, 0x0001, 0x0001, 0x0001,
  0x0001, 0x0001, 0x0001, 0x0001, 0xED45, 0xBC89, 0x2A4C, 0xBAC6, 0x7A88, 0x8BCA, 0x8B66, 0x8A46, 0xFB24, 0x0001, 0x0001, 0x0001,
  0x0001, 0x0001, 0x0001, 0x1926, 0xCC66, 0x7B6A, 0x5A8A, 0xBAA5, 0x5A8A, 0x3A8C, 0xDCC7, 0x5A46, 0xD2A5, 0x0001, 0x0001, 0x0001,
  0x0001, 0x0001, 0x0906, 0x72E7, 0xE507, 0x3A8C, 0x8AA8, 0x6A06, 0xAAC7, 0x4AAB, 0xDCC7, 0x72E6, 0xAA85, 0x0001, 0x0001, 0x0001,
  0x0001, 0x0001, 0x1946, 0xDCA6, 0x93C9, 0x326C, 0xAAC7, 0x6206, 0x72A9, 0x5ACB, 0xD4A7, 0x7B06, 0x41A6, 0xC2A5, 0x0001, 0x0001,
  0x0001, 0x00C6, 0x9367, 0xECE6, 0x630A, 0x326C, 0xAAE7, 0x9225, 0x2A4B, 0x428C, 0xAC09, 0x62E9, 0x1146, 0x6A06, 0x59E6, 0x0001,
  0x0001, 0x5A46, 0xB406, 0x8B46, 0x836A, 0x3A6C, 0x7AEA, 0x8A25, 0x3209, 0x428C, 0xA3E9, 0x6B2B, 0x31E9, 0x3185, 0x7A46, 0x1946,
  0x0001, 0x6286, 0x5289, 0x52CB, 0x52CB, 0x4AAB, 0x4A8B, 0x2986, 0x424A, 0x52CB, 0x9BC9, 0x4AAC, 0x4249, 0x1946, 0x59E6, 0x49A6,
  0x2166, 0x29A7, 0x428B, 0x4AAC, 0x4AAC, 0x52CC, 0x3A08, 0x29A7, 0x4AAC, 0x52CB, 0x5AEB, 0x4ACC, 0x3A29, 0x2166, 0x2986, 0x2986,
  0x2166, 0x2986, 0x4A8B, 0x4AAB, 0x4AAB, 0x426A, 0x2166, 0x31E8, 0x4AAC, 0x4A8B, 0x428B, 0x4AAB, 0x3A29, 0x2146, 0x2986, 0x2166
};

const uint16_t ICON_TIKI_24[576] PROGMEM = {
  0x0001, 0x0001, 0x0001, 0x0001, 0x0001, 0x0001, 0x0001, 0x0001, 0xCEDC, 0xDF3D, 0xCEDB, 0x0001, 0x0001, 0x0001, 0xCEBB, 0xD6DC, 0xCEDC, 0xDF3D, 0xCEDB, 0x0001, 0x0001, 0x0001, 0x0001, 0x0001,
  0x0001, 0x0001, 0x0001, 0xCEBB, 0xD6DC, 0xCEBB, 0xCEBB, 0xCE9B, 0xC69B, 0xB619, 0xC69B, 0xCEBB, 0xCEBB, 0xCEBB, 0xDF3D, 0xD6FC, 0xCEBB, 0xBE5A, 0xCEDC, 0xD6DC, 0xD6DC, 0x0001, 0x0001, 0x0001,
  0x0001, 0x0001, 0x0001, 0xF7FF, 0xDF3D, 0xCEDC, 0xBE5A, 0xADD8, 0xA5B8, 0xADB8, 0xADB8, 0xB5F9, 0xC69B, 0xD71C, 0xCEBB, 0xADD8, 0xA5B7, 0xA597, 0xBE5A, 0xDF1D, 0xF7FF, 0xCEBB, 0x0001, 0x0001,
  0x0001, 0x0001, 0x0001, 0xD6DC, 0xD6FC, 0xD6FC, 0xB619, 0xADB8, 0xADB8, 0xADD8, 0xADB8, 0xA597, 0xB619, 0xCEDB, 0xCEDC, 0xC6BC, 0xB619, 0xBE5A, 0xD6FC, 0xCEDC, 0xD6FC, 0x0001, 0x0001, 0x0001,
  0x0001, 0x0001, 0x0001, 0x0001, 0x0001, 0xCEDB, 0xCEDB, 0xCEBB, 0xADD8, 0xA5B7, 0xADD8, 0xBE7B, 0xCEDC, 0xCEDC, 0xCEBB, 0xDDD3, 0xD677, 0xD6FC, 0x0001, 0x0001, 0x0001, 0x0001, 0x0001, 0x0001,
  0x0001, 0x0001, 0x0001, 0x0001, 0x0001, 0x0001, 0x0001, 0xD6DC, 0xD71D, 0xBE7C, 0xC6BB, 0xDE15, 0xD679, 0xCEDB, 0xDCCF, 0xFCA4, 0xFD87, 0x0001, 0x0001, 0x0001, 0x0001, 0x0001, 0x0001, 0x0001,
  0x0001, 0x0001, 0x0001, 0x0001, 0x0001, 0x0001, 0x0001, 0x0001, 0x0001, 0xEE12, 0xECAC, 0xFCA5, 0xEBA7, 0xF4E8, 0xFBE4, 0xFD46, 0x0001, 0x0001, 0x0001, 0x0001, 0x0001, 0x0001, 0x0001, 0x0001,
  0x0001, 0x0001, 0x0001, 0x0001, 0x0001, 0x0001, 0x0001, 0x0001, 0x0001, 0xFD63, 0xFC24, 0xFCA5, 0xF3C4, 0xFC85, 0xFC65, 0x0001, 0x0001, 0x0001, 0x0001, 0x0001, 0x0001, 0x0001, 0x0001, 0x0001,
  0x0001, 0x0001, 0x0001, 0x0001, 0x0001, 0x0001, 0x0001, 0x0001, 0xEAC5, 0xFC45, 0xFC65, 0xF405, 0xF465, 0xF445, 0xFC25, 0xFBC5, 0x0001, 0x0001, 0x0001, 0x0001, 0x0001, 0x0001, 0x0001, 0x0001,
  0x0001, 0x0001, 0x0001, 0x0001, 0x0001, 0x0001, 0x0001, 0xFD66, 0xFD46, 0xC387, 0xD305, 0xE305, 0xF345, 0xFBA4, 0xBAC5, 0x8A26, 0xDAE5, 0x0001, 0x0001, 0x0001, 0x0001, 0x0001, 0x0001, 0x0001,
  0x0001, 0x0001, 0x0001, 0x0001, 0x0001, 0x0001, 0x0001, 0xFD86, 0xB468, 0x3A8C, 0x4AAB, 0xD2E6, 0xD2C5, 0x9389, 0xD4A6, 0x3A06, 0x51C6, 0xEB05, 0x0001, 0x0001, 0x0001, 0x0001, 0x0001, 0x0001,
  0x0001, 0x0001, 0x0001, 0x0001, 0x0001, 0x0001, 0x0001, 0xFDA6, 0x6B0A, 0x3A6C, 0x62AA, 0xEAE4, 0x6A68, 0x2A6C, 0x8BA9, 0xF526, 0x39E6, 0x9246, 0xFB25, 0x0001, 0x0001, 0x0001, 0x0001, 0x0001,
  0x0001, 0x0001, 0x0001, 0x0001, 0x0001, 0x1106, 0x9B86, 0xF547, 0x4AAB, 0x3A8C, 0xAAE7, 0xDAA4, 0x528A, 0x42AC, 0x3A6C, 0xE507, 0xABE6, 0x2946, 0xF325, 0x0001, 0x0001, 0x0001, 0x0001, 0x0001,
  0x0001, 0x0001, 0x0001, 0x0001, 0x2146, 0x31C7, 0xED26, 0xB428, 0x3A6C, 0x52AB, 0xBAA5, 0x61E5, 0xAAC7, 0x4AAB, 0x3A6C, 0xCCA8, 0xDCA6, 0x1126, 0xC2C5, 0xFB24, 0x0001, 0x0001, 0x0001, 0x0001,
  0x0001, 0x0001, 0x0001, 0x2966, 0x1947, 0xABC6, 0xFDA6, 0x630A, 0x3A8C, 0x7AC9, 0x9A45, 0x29E9, 0xE2E5, 0x82C9, 0x3A8C, 0xD4A7, 0xE4C6, 0x5266, 0x69E5, 0xFB25, 0x0001, 0x0001, 0x0001, 0x0001,
  0x0001, 0x0001, 0x0001, 0x2146, 0x31A6, 0xFD46, 0xC468, 0x3A6C, 0x3A8C, 0x8AC9, 0xBA84, 0x21C8, 0xA2C7, 0x8AC8, 0x428B, 0xED07, 0xBC06, 0x8B26, 0x1946, 0xC2C5, 0xEB05, 0x0001, 0x0001, 0x0001,
  0x0001, 0x0001, 0x2166, 0x1947, 0xABC6, 0xFDC6, 0x734A, 0x3A6C, 0x428C, 0x82C9, 0xE2E4, 0x39A6, 0x3A6B, 0x4AAB, 0x426C, 0xBC48, 0xCC87, 0x29A7, 0x1946, 0x39A6, 0xBAA5, 0x39A6, 0x0001, 0x0001,
  0x0001, 0x0001, 0x1106, 0x72E6, 0xFD46, 0xBC06, 0x734A, 0x428C, 0x428C, 0x72A9, 0xF304, 0x59C5, 0x324A, 0x4AAC, 0x426C, 0x8369, 0xBC48, 0x3A4B, 0x2987, 0x1146, 0x7A25, 0x7A26, 0x1146, 0x0001,
  0x0001, 0x0001, 0x31A6, 0xF526, 0x72C6, 0xA3A6, 0xA409, 0x3A6C, 0x4AAB, 0x4AAB, 0xE305, 0x71E5, 0x29E9, 0x4AAC, 0x3A6C, 0x8BA9, 0xBC48, 0x428C, 0x3A29, 0x2146, 0x41A6, 0xA265, 0x2166, 0x0001,
  0x0001, 0x1106, 0xA3C7, 0xA3C6, 0x2189, 0xAC08, 0x7B4A, 0x428B, 0x4AAB, 0x42AC, 0x72A9, 0x49A5, 0x31E8, 0x4AAC, 0x3A6C, 0xAC08, 0x93A9, 0x428C, 0x4A8B, 0x2986, 0x1946, 0x8225, 0x59E6, 0x0926,
  0x0001, 0x2966, 0x6286, 0x3A09, 0x4AAC, 0x4A8B, 0x428B, 0x4AAB, 0x4AAB, 0x4AAC, 0x31E9, 0x2145, 0x424A, 0x4AAB, 0x428B, 0xB428, 0x62EA, 0x4A8B, 0x4A8B, 0x2986, 0x2166, 0x3186, 0x7226, 0x2166,
  0x0001, 0x2966, 0x2166, 0x4A8B, 0x4AAB, 0x4A8B, 0x4AAB, 0x4AAB, 0x4AAB, 0x426A, 0x2966, 0x29A7, 0x4AAB, 0x4AAB, 0x4AAB, 0x732A, 0x4AAB, 0x4AAB, 0x426A, 0x2966, 0x2966, 0x2166, 0x2986, 0x2966,
  0x2966, 0x2986, 0x29A7, 0x4AAB, 0x4AAC, 0x4AAB, 0x4AAB, 0x4AAC, 0x4ACC, 0x31E8, 0x2145, 0x424A, 0x4ACC, 0x4AAB, 0x4AAB, 0x42AC, 0x4AAC, 0x4ACC, 0x426A, 0x2966, 0x2986, 0x2986, 0x2986, 0x2966,
  0x2966, 0x2986, 0x2986, 0x428B, 0x4AAB, 0x4AAB, 0x4AAB, 0x4AAB, 0x424A, 0x2166, 0x2146, 0x3A29, 0x4AAC, 0x4AAB, 0x4AAB, 0x4A8B, 0x4AAB, 0x4AAB, 0x4A8B, 0x2986, 0x2166, 0x2966, 0x2986, 0x2966
};

const uint16_t ICON_MOON_16[256] PROGMEM = {
  0x0001, 0x0001, 0x0001, 0x0001, 0x0001, 0x0001, 0x0001, 0x0001, 0x0001, 0x0001, 0x0001, 0x0001, 0x0001, 0x0001, 0x0001, 0x0001,
  0x0001, 0x0001, 0x0001, 0x0001, 0x0001, 0x0001, 0x0001, 0x0001, 0x0001, 0x0001, 0x0001, 0x0001, 0x0001, 0xFED0, 0xFEB0, 0x0001,
  0x0001, 0x0001, 0x0001, 0x0001, 0x0001, 0x0001, 0x0001, 0x0001, 0x0001, 0x0001, 0x0001, 0x0001, 0x0001, 0xFEB0, 0xFF11, 0x0001,
  0x0001, 0x0001, 0x0001, 0x0001, 0x0001, 0x0001, 0x0001, 0x0001, 0x0001, 0x0001, 0x0001, 0x0001, 0x0001, 0xFED0, 0xFFF3, 0xFED0,
  0x0001, 0x0001, 0x0001, 0x0001, 0x0001, 0x0001, 0x0001, 0x0001, 0x0001, 0x0001, 0x0001, 0x0001, 0x0001, 0xFED0, 0xFFB2, 0xFED0,
  0x0001, 0x0001, 0x0001, 0x0001, 0x0001, 0x0001, 0x0001, 0x0001, 0x0001, 0x0001, 0x0001, 0x0001, 0x0001, 0xFEB0, 0xFF31, 0xFED0,
  0x0001, 0x0001, 0x0001, 0x0001, 0x0001, 0x0001, 0x0001, 0x0001, 0x0001, 0x0001, 0x0001, 0x0001, 0x0001, 0xFF30, 0xFEF0, 0xFED0,
  0x0001, 0x0001, 0x0001, 0x0001, 0x0001, 0x0001, 0x0001, 0x0001, 0x0001, 0x0001, 0x0001, 0x0001, 0xFED0, 0xFF0E, 0xFECD, 0xFED0,
  0x0001, 0x0001, 0x0001, 0x0001, 0x0001, 0x0001, 0x0001, 0x0001, 0x0001, 0x0001, 0x0001, 0x0001, 0xFF31, 0xFED0, 0xFF10, 0xFED0,
  0x0001, 0x0001, 0x0001, 0x0001, 0x0001, 0x0001, 0x0001, 0x0001, 0x0001, 0x0001, 0x0001, 0xFEF1, 0xFF11, 0xFED0, 0xFF51, 0xFED0,
  0x0001, 0x0001, 0x0001, 0x0001, 0x0001, 0x0001, 0x0001, 0x0001, 0x0001, 0x0001, 0xFEF0, 0xFEEC, 0xFE8C, 0xFED0, 0xFF31, 0x0001,
  0x0001, 0x0001, 0x0001, 0x0001, 0x0001, 0x0001, 0x0001, 0x0001, 0x0001, 0xFF11, 0xFF0E, 0xFE48, 0xFE48, 0xFF50, 0xFEB0, 0x0001,
  0x0001, 0x0001, 0x0001, 0x0001, 0x0001, 0x0001, 0x0001, 0xFEF1, 0xFF31, 0xFF11, 0xFEAF, 0xFE6A, 0xFEEC, 0xFEF0, 0x0001, 0x0001,
  0x0001, 0xFF10, 0xFED0, 0xFED0, 0xFED0, 0xFED0, 0xFEED, 0xFEED, 0xFED0, 0xFED0, 0xFED0, 0xFF71, 0xFF11, 0x0001, 0x0001, 0x0001,
  0x0001, 0xFEF0, 0xFF11, 0xFFF3, 0xFFB2, 0xFF31, 0xFECD, 0xFEAC, 0xFF11, 0xFF51, 0xFF31, 0xFEF0, 0x0001, 0x0001, 0x0001, 0x0001,
  0x0001, 0x0001, 0x0001, 0xFF10, 0xFEF0, 0xFED0, 0xFED0, 0xFED0, 0xFEF0, 0xFEF0, 0x0001, 0x0001, 0x0001, 0x0001, 0x0001, 0x0001
};

const uint16_t ICON_MOON_24[576] PROGMEM = {
  0x0001, 0x0001, 0x0001, 0x0001, 0x0001, 0x0001, 0x0001, 0x0001, 0x0001, 0x0001, 0x0001, 0x0001, 0x0001, 0x0001, 0x0001, 0x0001, 0x0001, 0x0001, 0x0001, 0x0001, 0x0001, 0x0001, 0x0001, 0x0001,
  0x0001, 0x0001, 0x0001, 0x0001, 0x0001, 0x0001, 0x0001, 0x0001, 0x0001, 0x0001, 0x0001, 0x0001, 0x0001, 0x0001, 0x0001, 0x0001, 0x0001, 0x0001, 0x0001, 0x0001, 0xFED0, 0x0001, 0x0001, 0x0001,
  0x0001, 0x0001, 0x0001, 0x0001, 0x0001, 0x0001, 0x0001, 0x0001, 0x0001, 0x0001, 0x0001, 0x0001, 0x0001, 0x0001, 0x0001, 0x0001, 0x0001, 0x0001, 0x0001, 0x0001, 0xFED0, 0xFED0, 0x0001, 0x0001,
  0x0001, 0x0001, 0x0001, 0x0001, 0x0001, 0x0001, 0x0001, 0x0001, 0x0001, 0x0001, 0x0001, 0x0001, 0x0001, 0x0001, 0x0001, 0x0001, 0x0001, 0x0001, 0x0001, 0x0001, 0xFED0, 0xFFD2, 0xFED0, 0x0001,
  0x0001, 0x0001, 0x0001, 0x0001, 0x0001, 0x0001, 0x0001, 0x0001, 0x0001, 0x0001, 0x0001, 0x0001, 0x0001, 0x0001, 0x0001, 0x0001, 0x0001, 0x0001, 0x0001, 0x0001, 0xFED0, 0xFF72, 0xFEB0, 0x0001,
  0x0001, 0x0001, 0x0001, 0x0001, 0x0001, 0x0001, 0x0001, 0x0001, 0x0001, 0x0001, 0x0001, 0x0001, 0x0001, 0x0001, 0x0001, 0x0001, 0x0001, 0x0001, 0x0001, 0x0001, 0xFED0, 0xFF11, 0xFF31, 0x0001,
  0x0001, 0x0001, 0x0001, 0x0001, 0x0001, 0x0001, 0x0001, 0x0001, 0x0001, 0x0001, 0x0001, 0x0001, 0x0001, 0x0001, 0x0001, 0x0001, 0x0001, 0x0001, 0x0001, 0x0001, 0xFED0, 0xFEF0, 0xFF51, 0xFED0,
  0x0001, 0x0001, 0x0001, 0x0001, 0x0001, 0x0001, 0x0001, 0x0001, 0x0001, 0x0001, 0x0001, 0x0001, 0x0001, 0x0001, 0x0001, 0x0001, 0x0001, 0x0001, 0x0001, 0x0001, 0xFF11, 0xFED0, 0xFF31, 0xFEB0,
  0x0001, 0x0001, 0x0001, 0x0001, 0x0001, 0x0001, 0x0001, 0x0001, 0x0001, 0x0001, 0x0001, 0x0001, 0x0001, 0x0001, 0x0001, 0x0001, 0x0001, 0x0001, 0x0001, 0xFED0, 0xFF51, 0xFED0, 0xFF10, 0xFED0,
  0x0001, 0x0001, 0x0001, 0x0001, 0x0001, 0x0001, 0x0001, 0x0001, 0x0001, 0x0001, 0x0001, 0x0001, 0x0001, 0x0001, 0x0001, 0x0001, 0x0001, 0x0001, 0x0001, 0xFED0, 0xFF31, 0xFED0, 0xFEF0, 0xFED0,
  0x0001, 0x0001, 0x0001, 0x0001, 0x0001, 0x0001, 0x0001, 0x0001, 0x0001, 0x0001, 0x0001, 0x0001, 0x0001, 0x0001, 0x0001, 0x0001, 0x0001, 0x0001, 0x0001, 0xFF11, 0xFEAD, 0xFE8D, 0xFEF0, 0xFED0,
  0x0001, 0x0001, 0x0001, 0x0001, 0x0001, 0x0001, 0x0001, 0x0001, 0x0001, 0x0001, 0x0001, 0x0001, 0x0001, 0x0001, 0x0001, 0x0001, 0x0001, 0x0001, 0xFEB0, 0xFF51, 0xFE6B, 0xFE6B, 0xFF11, 0xFED0,
  0x0001, 0x0001, 0x0001, 0x0001, 0x0001, 0x0001, 0x0001, 0x0001, 0x0001, 0x0001, 0x0001, 0x0001, 0x0001, 0x0001, 0x0001, 0x0001, 0x0001, 0x0001, 0xFF31, 0xFED0, 0xFED0, 0xFED0, 0xFF31, 0xFED0,
  0x0001, 0x0001, 0x0001, 0x0001, 0x0001, 0x0001, 0x0001, 0x0001, 0x0001, 0x0001, 0x0001, 0x0001, 0x0001, 0x0001, 0x0001, 0x0001, 0x0001, 0xFED0, 0xFF11, 0xFED0, 0xFED0, 0xFED0, 0xFF51, 0xFED0,
  0x0001, 0x0001, 0x0001, 0x0001, 0x0001, 0x0001, 0x0001, 0x0001, 0x0001, 0x0001, 0x0001, 0x0001, 0x0001, 0x0001, 0x0001, 0x0001, 0xFED0, 0xFF52, 0xFED0, 0xFED0, 0xFED0, 0xFED0, 0xFF31, 0x0001,
  0x0001, 0x0001, 0x0001, 0x0001, 0x0001, 0x0001, 0x0001, 0x0001, 0x0001, 0x0001, 0x0001, 0x0001, 0x0001, 0x0001, 0x0001, 0xFEF0, 0xFF50, 0xFE8C, 0xFE8D, 0xFED0, 0xFED0, 0xFF11, 0xFED0, 0x0001,
  0x0001, 0x0001, 0x0001, 0x0001, 0x0001, 0x0001, 0x0001, 0x0001, 0x0001, 0x0001, 0x0001, 0x0001, 0x0001, 0x0001, 0xFEF0, 0xFF51, 0xFE6A, 0xFE48, 0xFE48, 0xFE8D, 0xFED0, 0xFF71, 0xFED0, 0x0001,
  0x0001, 0x0001, 0x0001, 0x0001, 0x0001, 0x0001, 0x0001, 0x0001, 0x0001, 0x0001, 0x0001, 0x0001, 0x0001, 0xFEF0, 0xFF52, 0xFEAE, 0xFE49, 0xFE69, 0xFE49, 0xFE6B, 0xFF31, 0xFED0, 0x0001, 0x0001,
  0x0001, 0x0001, 0x0001, 0x0001, 0x0001, 0x0001, 0x0001, 0x0001, 0x0001, 0x0001, 0x0001, 0xFEF0, 0xFF31, 0xFF11, 0xFED0, 0xFED0, 0xFE6A, 0xFE48, 0xFE49, 0xFECE, 0xFF11, 0x0001, 0x0001, 0x0001,
  0x0001, 0x0001, 0x0001, 0x0001, 0x0001, 0x0001, 0x0001, 0x0001, 0xFEF0, 0xFED0, 0xFF0F, 0xFF31, 0xFED0, 0xFED0, 0xFED0, 0xFED0, 0xFECF, 0xFEAD, 0xFEEF, 0xFF51, 0xFEB0, 0x0001, 0x0001, 0x0001,
  0x0001, 0xFEF0, 0xFEF0, 0xFED0, 0xFED0, 0xFED0, 0xFED0, 0xFF11, 0xFF52, 0xFEEE, 0xFE68, 0xFE8B, 0xFED0, 0xFED0, 0xFED0, 0xFED0, 0xFED0, 0xFF31, 0xFF11, 0xFED0, 0x0001, 0x0001, 0x0001, 0x0001,
  0x0001, 0x0001, 0xFEF0, 0xFFD2, 0xFF72, 0xFF11, 0xFEF0, 0xFED0, 0xFED0, 0xFE8D, 0xFE48, 0xFE8B, 0xFED0, 0xFED0, 0xFED0, 0xFF11, 0xFF71, 0xFEF0, 0x0001, 0x0001, 0x0001, 0x0001, 0x0001, 0x0001,
  0x0001, 0x0001, 0x0001, 0xFEF0, 0xFEF0, 0xFF31, 0xFF51, 0xFF31, 0xFF10, 0xFEF0, 0xFECF, 0xFEF0, 0xFF31, 0xFF51, 0xFF31, 0xFEF0, 0xFED0, 0x0001, 0x0001, 0x0001, 0x0001, 0x0001, 0x0001, 0x0001,
  0x0001, 0x0001, 0x0001, 0x0001, 0x0001, 0x0001, 0xFEF0, 0xFEF0, 0xFED0, 0xFED0, 0xFED0, 0xFED0, 0xFED0, 0xFED0, 0x0001, 0x0001, 0x0001, 0x0001, 0x0001, 0x0001, 0x0001, 0x0001, 0x0001, 0x0001
};

const uint16_t ICON_HOUSE_16[256] PROGMEM = {
  0x0001, 0x0001, 0x0001, 0x0001, 0x0001, 0x0001, 0x0001, 0x0001, 0x0001, 0x0001, 0x0001, 0x0001, 0x0001, 0x0001, 0x0001, 0x0001,
  0x0001, 0x0001, 0x0001, 0x0001, 0x0001, 0x0001, 0x0001, 0x0001, 0x5B6F, 0x63D0, 0x0001, 0x0001, 0x0001, 0x0001, 0x0001, 0x0001,
  0x0001, 0x0001, 0x756A, 0x0001, 0x0001, 0x0001, 0x0001, 0x4B0E, 0x94D2, 0xD675, 0x6BF0, 0x0001, 0x0001, 0x0001, 0x0001, 0x0001,
  0x0001, 0x758A, 0x862B, 0x0001, 0xA002, 0xA002, 0x436F, 0x8CB2, 0xF736, 0xFFB7, 0xDEB5, 0x7410, 0x0001, 0x0001, 0x0001, 0x0001,
  0x0001, 0x7DAA, 0x860B, 0x762B, 0xA801, 0x79A9, 0x84B2, 0xF736, 0xFF77, 0xFF77, 0xFF77, 0x8C92, 0x5B8F, 0x0001, 0x0001, 0x0001,
  0x758A, 0x860B, 0x7DCA, 0x7DAA, 0x626B, 0x8C92, 0xF736, 0xFF77, 0xFF56, 0xFF56, 0x8451, 0x9CF2, 0xDE95, 0x6BD0, 0x0001, 0x0001,
  0x758A, 0x7DEB, 0x7DAA, 0x644D, 0x8492, 0xFF36, 0xFF96, 0xFF76, 0xF736, 0x8451, 0x94B2, 0xFF96, 0xFFD6, 0xDE95, 0x6BD0, 0x0001,
  0x758A, 0x7DCA, 0x756A, 0x8D0F, 0xF716, 0xF757, 0xAE5A, 0xD6D8, 0xF6F5, 0xB550, 0xFF56, 0xCED9, 0xAE5A, 0xFF77, 0xE6B6, 0x73F0,
  0x758A, 0x7DAA, 0x6D69, 0xBE90, 0xFFB7, 0xD6B8, 0x24DF, 0x961B, 0xFF76, 0xFF11, 0xFF75, 0x7DDC, 0x2CFF, 0xE718, 0xFF76, 0x0001,
  0x758A, 0x7DCB, 0x6D69, 0xB650, 0xFF77, 0xF717, 0xBE99, 0xDEF8, 0xFF56, 0xFEF1, 0xFF56, 0xDED8, 0xC699, 0xFF57, 0xFF56, 0x0001,
  0x758A, 0x862B, 0x6DAA, 0xBE90, 0xFF78, 0xFF56, 0xFFD7, 0xFF97, 0xFF36, 0xFEF1, 0xFF36, 0xFF76, 0xFF95, 0xFF76, 0xFF36, 0x0001,
  0x0001, 0x8DCA, 0x8DA9, 0xAE50, 0xFF97, 0xFEF5, 0xE550, 0xF653, 0xFF77, 0xFEF1, 0xFF56, 0xCEB9, 0xAE7A, 0xFF37, 0xFF55, 0x0001,
  0x0001, 0x0001, 0xFE89, 0x5528, 0xBEF1, 0xFE74, 0xB267, 0xDCCF, 0xFFB8, 0xFEF1, 0xFF75, 0x7DDC, 0x34FF, 0xEF18, 0xBEAF, 0x6D69,
  0x0001, 0x0001, 0xFE69, 0x6569, 0xAE8F, 0xFE94, 0xBAC8, 0xE50F, 0xFFB8, 0xFEF1, 0xFF76, 0xDEF9, 0xCEB9, 0xFF58, 0xA64E, 0x6D89,
  0x5C87, 0x6CC7, 0x7CE7, 0x5CA7, 0x7D6A, 0x8D4B, 0x7C88, 0x8509, 0x8DAB, 0x8D6A, 0x8D8B, 0x95AB, 0x95AB, 0x8D8B, 0x7D8A, 0x5CA7,
  0x5C87, 0x5CA7, 0x5467, 0x5C67, 0x5446, 0x4C46, 0x54A7, 0x4C66, 0x4C25, 0x4C46, 0x4C45, 0x4C45, 0x4C45, 0x4C45, 0x5486, 0x5C67
};

const uint16_t ICON_HOUSE_24[576] PROGMEM = {
  0x0001, 0x0001, 0x0001, 0x0001, 0x0001, 0x0001, 0x0001, 0x0001, 0x0001, 0x0001, 0x0001, 0x0001, 0x0001, 0x0001, 0x0001, 0x0001, 0x0001, 0x0001, 0x0001, 0x0001, 0x0001, 0x0001, 0x0001, 0x0001,
  0x0001, 0x0001, 0x0001, 0x0001, 0x0001, 0x0001, 0x0001, 0x0001, 0x0001, 0x0001, 0x0001, 0x0001, 0x0001, 0x63AF, 0x63AF, 0x0001, 0x0001, 0x0001, 0x0001, 0x0001, 0x0001, 0x0001, 0x0001, 0x0001,
  0x0001, 0x0001, 0x0001, 0x0001, 0x0001, 0x0001, 0x0001, 0x0001, 0x0001, 0x0001, 0x0001, 0x0001, 0x638F, 0x6BF1, 0x6BF1, 0x638F, 0x0001, 0x0001, 0x0001, 0x0001, 0x0001, 0x0001, 0x0001, 0x0001,
  0x0001, 0x0001, 0x0001, 0x758A, 0x0001, 0x0001, 0x0001, 0x0001, 0x0001, 0x0001, 0x0001, 0x638F, 0x63B0, 0xB593, 0xB593, 0x63B0, 0x638F, 0x0001, 0x0001, 0x0001, 0x0001, 0x0001, 0x0001, 0x0001,
  0x0001, 0x0001, 0x758A, 0x8E6C, 0x0001, 0x0001, 0x0001, 0xA824, 0x0001, 0x0001, 0x638F, 0x63B0, 0xAD73, 0xFF97, 0xFF97, 0xAD73, 0x63B0, 0x638F, 0x0001, 0x0001, 0x0001, 0x0001, 0x0001, 0x0001,
  0x0001, 0x0001, 0x7DCB, 0x7DEB, 0x758A, 0x0001, 0xA003, 0xC004, 0xA002, 0x5C11, 0x63B0, 0xAD73, 0xFF77, 0xFF56, 0xFF56, 0xFF77, 0xB573, 0x6BF1, 0x638F, 0x0001, 0x0001, 0x0001, 0x0001, 0x0001,
  0x0001, 0x758A, 0x860B, 0x758A, 0x7DEB, 0x0001, 0xA002, 0xB003, 0x7A0A, 0x5BB0, 0xAD73, 0xFF77, 0xFF56, 0xFF56, 0xFF36, 0xFF97, 0xFF16, 0x73F0, 0x63B0, 0x63AF, 0x0001, 0x0001, 0x0001, 0x0001,
  0x0001, 0x758A, 0x7DAA, 0x758A, 0x7DEB, 0x762B, 0xB000, 0x89EA, 0x5BB0, 0xAD73, 0xFF77, 0xFF56, 0xFF56, 0xFF56, 0xFF77, 0xF716, 0x7C51, 0x6BD0, 0x9CF2, 0x6BD0, 0x638F, 0x0001, 0x0001, 0x0001,
  0x0001, 0x7DEB, 0x758A, 0x758A, 0x7DAA, 0x7DCA, 0x6B2D, 0x5B90, 0xAD73, 0xFF77, 0xFF56, 0xFF56, 0xFF56, 0xFF77, 0xF716, 0x7C30, 0x5B6F, 0xDE55, 0xFFB7, 0xAD73, 0x63B0, 0x638F, 0x0001, 0x0001,
  0x758A, 0x85EB, 0x758A, 0x758A, 0x758A, 0x6C8D, 0x5B90, 0xAD53, 0xFF77, 0xFF56, 0xFF56, 0xFF56, 0xFF56, 0xF716, 0x7C31, 0x5B6F, 0xD655, 0xFF97, 0xFF56, 0xFF77, 0xAD73, 0x63B0, 0x638F, 0x0001,
  0x758A, 0x7DCB, 0x758A, 0x7DAA, 0x750C, 0x5B50, 0xAD53, 0xFF77, 0xFF76, 0xFF76, 0xFF76, 0xFF56, 0xFF97, 0x9CF2, 0x534F, 0xD655, 0xFF97, 0xFF76, 0xFF76, 0xFF76, 0xFF77, 0xAD53, 0x63D1, 0x0001,
  0x758A, 0x7DAA, 0x758A, 0x758A, 0x6D4A, 0xB5D2, 0xFF77, 0xFF76, 0xDED8, 0x85FB, 0x85FB, 0xDED8, 0xFF76, 0xDE74, 0xE62F, 0xFF97, 0xFF37, 0x961B, 0x85FB, 0xB679, 0xFF76, 0xFFB8, 0xC5F4, 0x0001,
  0x758A, 0x7DAA, 0x758A, 0x758A, 0x6D69, 0xDEF2, 0xFF77, 0xFF76, 0xC699, 0x351F, 0x351F, 0xC699, 0xFF76, 0xFF55, 0xFEEE, 0xFF57, 0xF737, 0x555D, 0x351F, 0x85FB, 0xFF76, 0xFFD8, 0xFF97, 0x0001,
  0x758A, 0x7DAA, 0x758A, 0x758A, 0x6D69, 0xD6B2, 0xFF77, 0xFF76, 0xCEB9, 0x557D, 0x557D, 0xCEB9, 0xFF76, 0xFF35, 0xFEAE, 0xFF57, 0xF737, 0x6DBC, 0x555D, 0x961B, 0xFF76, 0xFFD8, 0xFF36, 0x0001,
  0x758A, 0x7DCB, 0x758A, 0x758A, 0x6D69, 0xD6B2, 0xFF77, 0xFF56, 0xFF36, 0xF737, 0xF737, 0xFF36, 0xFF57, 0xFF35, 0xFEAE, 0xFF57, 0xFF56, 0xF737, 0xF737, 0xFF37, 0xFF56, 0xFFD8, 0xFF36, 0x0001,
  0x758A, 0x862B, 0x758A, 0x758A, 0x7589, 0xD6D2, 0xFF77, 0xFF56, 0xFF56, 0xFF56, 0xFF56, 0xFF56, 0xFF57, 0xFF35, 0xFEAE, 0xFF57, 0xFF56, 0xFF56, 0xFF56, 0xFF56, 0xFF56, 0xFFD8, 0xFF36, 0x0001,
  0x0001, 0x7D8A, 0x7DEB, 0x75AB, 0x6D69, 0xDED3, 0xFF98, 0xFF36, 0xFF57, 0xFF97, 0xFF97, 0xFF57, 0xFF57, 0xFF35, 0xFEAE, 0xFF57, 0xFF56, 0xFF76, 0xFF76, 0xFF56, 0xFF56, 0xFFD8, 0xFF77, 0x0001,
  0x0001, 0x0001, 0xA5EA, 0xCE2A, 0x0001, 0xAE2F, 0xEF75, 0xFF97, 0xF653, 0xD46D, 0xD46D, 0xF653, 0xFF77, 0xFF35, 0xFEAE, 0xFF57, 0xFF37, 0x961B, 0x85FB, 0xB679, 0xFF56, 0xFF97, 0xB670, 0x0001,
  0x0001, 0x0001, 0x0001, 0xFE69, 0x0001, 0x6569, 0xA62E, 0xFFB8, 0xEDD2, 0xBAA8, 0xBAA8, 0xEDD2, 0xFF98, 0xFF35, 0xFEAE, 0xFF57, 0xF737, 0x555D, 0x351F, 0x85FB, 0xFF97, 0xDED3, 0x7DEA, 0x758A,
  0x0001, 0x0001, 0x0001, 0xFE69, 0x858A, 0x7DEB, 0x7D8A, 0xF756, 0xEDF2, 0xBB09, 0xBB09, 0xEDF2, 0xFF98, 0xFF35, 0xFEAE, 0xFF57, 0xF737, 0x6DBC, 0x555D, 0x961B, 0xFF97, 0xAE2F, 0x75AA, 0x758A,
  0x0001, 0x0001, 0x0001, 0xFE89, 0x8DCA, 0x75CA, 0x85CB, 0xFF97, 0xFE13, 0xC2E9, 0xC2E9, 0xF613, 0xFFD9, 0xFF55, 0xFEEF, 0xFF78, 0xFF77, 0xFF58, 0xFF58, 0xFF58, 0xFF98, 0xB670, 0x75CA, 0x7DAA,
  0x5C87, 0x64A7, 0x74C7, 0x9528, 0x64A7, 0x64E8, 0x7529, 0x958D, 0x8D0B, 0x7C07, 0x7C07, 0x8D0B, 0x958D, 0x956C, 0x9549, 0x956C, 0x956C, 0x958C, 0x9D8C, 0x956C, 0x956C, 0x854B, 0x6D29, 0x64C8,
  0x5C87, 0x6D48, 0x6508, 0x54A7, 0x6508, 0x64C7, 0x5CA7, 0x54A6, 0x5CC7, 0x5CE7, 0x5CE7, 0x5CC7, 0x54A6, 0x54A6, 0x54A7, 0x54A6, 0x54A6, 0x54A6, 0x54A6, 0x54A6, 0x54A6, 0x5CA7, 0x64E8, 0x5C67,
  0x0001, 0x0001, 0x0001, 0x0001, 0x0001, 0x0001, 0x0001, 0x0001, 0x0001, 0x0001, 0x0001, 0x0001, 0x0001, 0x0001, 0x0001, 0x0001, 0x0001, 0x0001, 0x0001, 0x0001, 0x0001, 0x0001, 0x0001, 0x0001
};

const uint16_t ICON_CABIN_16[256] PROGMEM = {
  0x0001, 0x0001, 0x0001, 0x0001, 0x0001, 0x0001, 0x0001, 0x0001, 0x0001, 0x0001, 0x0001, 0x0001, 0x0001, 0x0001, 0x0001, 0x0001,
  0x0001, 0x0001, 0x0001, 0x0001, 0x0001, 0x0001, 0x0001, 0xFEB0, 0xFEB0, 0x0001, 0x0001, 0x0001, 0x0001, 0x0001, 0x0001, 0x0001,
  0x0001, 0x0001, 0x0001, 0x0001, 0x0001, 0x0001, 0x0001, 0xFEF0, 0xFEF0, 0x0001, 0x0001, 0x0001, 0x0001, 0x0001, 0x0001, 0x0001,
  0x0001, 0x0001, 0x0001, 0x0001, 0x0001, 0x0001, 0xFECF, 0xFF10, 0xFF31, 0xFEF0, 0x0001, 0x0001, 0x0001, 0x0001, 0x0001, 0x0001,
  0x0001, 0x0001, 0x0001, 0x0001, 0x0001, 0xFE8D, 0xFEAE, 0xFED0, 0xFEAF, 0xFF10, 0xFECF, 0x0001, 0x0001, 0x0001, 0x0001, 0x0001,
  0x0001, 0x0001, 0x0001, 0xFE4D, 0xFEAD, 0xFE6D, 0xFE6E, 0xFEF1, 0xFE6E, 0xFEB0, 0xFEAE, 0xFECF, 0xFED1, 0x0001, 0x0001, 0x0001,
  0x0001, 0x0001, 0xFE4D, 0xFEAD, 0xFEAF, 0xFE0B, 0xFED0, 0xFED0, 0xFE6D, 0xFE8F, 0xFED0, 0xFE6D, 0xFF30, 0x0001, 0x0001, 0x0001,
  0x0001, 0x0001, 0xFE8D, 0xFEF0, 0xFE4D, 0xFE8E, 0xFED0, 0xFED0, 0xFE8E, 0xFE8E, 0xFEF1, 0xFE8F, 0xFEAE, 0xFF11, 0x0001, 0x0001,
  0x0001, 0xFEAE, 0xFECF, 0xFED0, 0xFE8E, 0xFED0, 0xFED0, 0xFED0, 0xFEAF, 0xFE8E, 0xFED0, 0xFED0, 0xFE8E, 0xFF10, 0xFEF0, 0x0001,
  0xFED0, 0xFF91, 0xFF10, 0xFF10, 0xFF10, 0xFF10, 0xFF10, 0xFF10, 0xFF10, 0xFEF0, 0xFF10, 0xFF10, 0xFF10, 0xFEF0, 0xFFD2, 0xFED0,
  0x0001, 0xDD0D, 0xDCED, 0xDCCC, 0xDCED, 0xDD0D, 0xED6E, 0xED8E, 0xED8E, 0xED8E, 0xE52D, 0xE54D, 0xDD2D, 0xE52D, 0xDD4D, 0xFEF0,
  0x0001, 0xAB2A, 0xCC0D, 0xC3ED, 0xCC2E, 0xD4AF, 0xAB2A, 0x9AA8, 0x9AA8, 0xAB2A, 0xD4AF, 0xC40D, 0xC3EC, 0xCC0D, 0xAB0A, 0x0001,
  0x0001, 0xB38B, 0xCC4D, 0xCC6E, 0xCC6E, 0xE531, 0x79C5, 0x5080, 0x5080, 0x79C5, 0xE531, 0xCC4D, 0xCC6E, 0xCC2D, 0xAB6B, 0x0001,
  0x0001, 0xAB6A, 0xCC0C, 0xCC4E, 0xCC4D, 0xE531, 0x81E5, 0x58C1, 0x58C1, 0x81E5, 0xDD31, 0xCC2D, 0xCC4E, 0xC3EC, 0xAB4A, 0x0001,
  0x0001, 0xAB4A, 0xCC2D, 0xCC6E, 0xCC4D, 0xE551, 0x8205, 0x60C1, 0x60C1, 0x8205, 0xE551, 0xCC6E, 0xCC6E, 0xCC2D, 0xAB4A, 0x0001,
  0x0001, 0xB38B, 0xCC6E, 0xC44E, 0xCC6E, 0xDD31, 0x81E5, 0x58C1, 0x58C1, 0x81E5, 0xDD31, 0xCC8E, 0xCC4E, 0xCC4D, 0xB38B, 0x0001
};

const uint16_t ICON_CABIN_24[576] PROGMEM = {
  0x0001, 0x0001, 0x0001, 0x0001, 0x0001, 0x0001, 0x0001, 0x0001, 0x0001, 0x0001, 0x0001, 0x0001, 0x0001, 0x0001, 0x0001, 0x0001, 0x0001, 0x0001, 0x0001, 0x0001, 0x0001, 0x0001, 0x0001, 0x0001,
  0x0001, 0x0001, 0x0001, 0x0001, 0x0001, 0x0001, 0x0001, 0x0001, 0x0001, 0x0001, 0x0001, 0x0001, 0x0001, 0x0001, 0x0001, 0x0001, 0x0001, 0x0001, 0x0001, 0x0001, 0x0001, 0x0001, 0x0001, 0x0001,
  0x0001, 0x0001, 0x0001, 0x0001, 0x0001, 0x0001, 0x0001, 0x0001, 0x0001, 0x0001, 0x0001, 0xFED0, 0xFEF0, 0x0001, 0x0001, 0x0001, 0x0001, 0x0001, 0x0001, 0x0001, 0x0001, 0x0001, 0x0001, 0x0001,
  0x0001, 0x0001, 0x0001, 0x0001, 0x0001, 0x0001, 0x0001, 0x0001, 0x0001, 0x0001, 0x0001, 0xFEF0, 0xFEF0, 0x0001, 0x0001, 0x0001, 0x0001, 0x0001, 0x0001, 0x0001, 0x0001, 0x0001, 0x0001, 0x0001,
  0x0001, 0x0001, 0x0001, 0x0001, 0x0001, 0x0001, 0x0001, 0x0001, 0x0001, 0xFED0, 0xFEF0, 0xFEF0, 0xFEF0, 0xFF10, 0x0001, 0x0001, 0x0001, 0x0001, 0x0001, 0x0001, 0x0001, 0x0001, 0x0001, 0x0001,
  0x0001, 0x0001, 0x0001, 0x0001, 0x0001, 0x0001, 0x0001, 0x0001, 0xFED0, 0xFEEF, 0xFECF, 0xFED0, 0xFED0, 0xFF11, 0xFF10, 0xFEF0, 0x0001, 0x0001, 0x0001, 0x0001, 0x0001, 0x0001, 0x0001, 0x0001,
  0x0001, 0x0001, 0x0001, 0x0001, 0x0001, 0x0001, 0x0001, 0xFEAF, 0xFECE, 0xFE6D, 0xFEAF, 0xFED0, 0xFED0, 0xFED0, 0xFEAF, 0xFF10, 0xFEF1, 0x0001, 0x0001, 0x0001, 0x0001, 0x0001, 0x0001, 0x0001,
  0x0001, 0x0001, 0x0001, 0x0001, 0x0001, 0x0001, 0xFE8E, 0xFEAC, 0xFE8E, 0xFE2C, 0xFED0, 0xFED0, 0xFE8E, 0xFEAF, 0xFED0, 0xFE6D, 0xFF30, 0xFEF1, 0x0001, 0x0001, 0x0001, 0x0001, 0x0001, 0x0001,
  0x0001, 0x0001, 0x0001, 0x0001, 0x0001, 0xFE8D, 0xFE8B, 0xFEB0, 0xFE0A, 0xFE6D, 0xFED0, 0xFED0, 0xFE6E, 0xFE6D, 0xFEF1, 0xFEAF, 0xFE0B, 0xFF51, 0xFEF0, 0x0001, 0x0001, 0x0001, 0x0001, 0x0001,
  0x0001, 0x0001, 0x0001, 0x0001, 0xFE8D, 0xFE6B, 0xFED0, 0xFE4D, 0xFDEA, 0xFEF1, 0xFED0, 0xFED0, 0xFE8F, 0xFE2C, 0xFED0, 0xFEF1, 0xFE6D, 0xFE0B, 0xFF72, 0xFED0, 0x0001, 0x0001, 0x0001, 0x0001,
  0x0001, 0x0001, 0x0001, 0xFEAF, 0xFE6B, 0xFEAF, 0xFED0, 0xFDC9, 0xFE8F, 0xFED0, 0xFED0, 0xFED0, 0xFEAF, 0xFE2C, 0xFED0, 0xFED0, 0xFED1, 0xFE2C, 0xFE8E, 0xFF72, 0xFED0, 0x0001, 0x0001, 0x0001,
  0x0001, 0x0001, 0xFED0, 0xFEAC, 0xFE6E, 0xFEF1, 0xFE4D, 0xFE2B, 0xFEF1, 0xFED0, 0xFED0, 0xFED0, 0xFED0, 0xFE4C, 0xFED0, 0xFED0, 0xFED0, 0xFEAF, 0xFE2C, 0xFED0, 0xFF51, 0xFED0, 0x0001, 0x0001,
  0x0001, 0xFEF1, 0xFEEF, 0xFE4D, 0xFEF1, 0xFED0, 0xFE4C, 0xFEAF, 0xFED0, 0xFED0, 0xFED0, 0xFED0, 0xFED0, 0xFE6D, 0xFEAF, 0xFED0, 0xFED0, 0xFED0, 0xFE8E, 0xFE6E, 0xFEF1, 0xFF11, 0x0001, 0x0001,
  0x0001, 0xFEF0, 0xFE8E, 0xFED0, 0xFED0, 0xFED0, 0xFEAF, 0xFED0, 0xFED0, 0xFED0, 0xFED0, 0xFED0, 0xFED0, 0xFE8E, 0xFEAF, 0xFED0, 0xFED0, 0xFED0, 0xFED0, 0xFE8E, 0xFEB0, 0xFF11, 0xFEF0, 0x0001,
  0xFED0, 0xFFB2, 0xFF10, 0xFF11, 0xFF10, 0xFF10, 0xFF11, 0xFF10, 0xFF10, 0xFEF0, 0xFEF0, 0xFEF0, 0xFEF0, 0xFEF0, 0xFEF0, 0xFEF0, 0xFEF0, 0xFEF0, 0xFEF0, 0xFEF0, 0xFEF0, 0xFF10, 0xFFB2, 0xFED0,
  0x0001, 0xFE90, 0xE56D, 0xE56D, 0xE58D, 0xE58D, 0xED8D, 0xED6D, 0xED8D, 0xEDEE, 0xEDEE, 0xF5EE, 0xF5EE, 0xF5EE, 0xF5EE, 0xEDCE, 0xF5EE, 0xF5EE, 0xEDEE, 0xEDCE, 0xEDCE, 0xEDAD, 0xFED0, 0xFED0,
  0x0001, 0x0001, 0xAB09, 0xBB6A, 0xBB8B, 0xBB6A, 0xC3AB, 0xCC0D, 0xCBEC, 0xCC0D, 0xD44D, 0xD42D, 0xD42D, 0xD44D, 0xD42D, 0xCBEC, 0xCBEC, 0xC3AB, 0xBB8A, 0xBB8B, 0xBB6A, 0xAAE9, 0x0001, 0x0001,
  0x0001, 0x0001, 0xB3CC, 0xCC4E, 0xCC6E, 0xCC6E, 0xCC6E, 0xDD10, 0xE531, 0xA34A, 0x8A26, 0x8A67, 0x8A67, 0x8A26, 0xA34A, 0xDD31, 0xDCF0, 0xCC4E, 0xC44E, 0xCC6E, 0xC42D, 0xB3AC, 0x0001, 0x0001,
  0x0001, 0x0001, 0xB38B, 0xC3EC, 0xCC6E, 0xC44E, 0xC40C, 0xDCF0, 0xE551, 0x8A26, 0x5060, 0x58C1, 0x58C1, 0x5060, 0x8A26, 0xE551, 0xDCCF, 0xC3EC, 0xCC4E, 0xCC6E, 0xBBAB, 0xB38B, 0x0001, 0x0001,
  0x0001, 0x0001, 0xB36B, 0xBBAB, 0xCC6E, 0xC44E, 0xC3EC, 0xDCF0, 0xE531, 0x8A47, 0x58C1, 0x6102, 0x6102, 0x58C1, 0x8A47, 0xE531, 0xDCCF, 0xC3CC, 0xC44E, 0xCC6E, 0xB36A, 0xB36B, 0x0001, 0x0001,
  0x0001, 0x0001, 0xAB6A, 0xBB8B, 0xCC6E, 0xC44E, 0xC3CC, 0xDCF0, 0xE531, 0x8A47, 0x58C1, 0x6102, 0x6102, 0x58C1, 0x8A47, 0xE531, 0xDCF0, 0xC3CC, 0xC44E, 0xCC6E, 0xB36A, 0xAB6A, 0x0001, 0x0001,
  0x0001, 0x0001, 0xAB6A, 0xBB8B, 0xCC6E, 0xC44E, 0xC3CC, 0xDCF0, 0xE531, 0x8A47, 0x58C1, 0x6102, 0x6102, 0x58C1, 0x8A47, 0xE531, 0xDCF0, 0xC3EC, 0xC44E, 0xCC6E, 0xBB8A, 0xAB6A, 0x0001, 0x0001,
  0x0001, 0x0001, 0xB36B, 0xC3EC, 0xD48E, 0xCC6E, 0xC40C, 0xDD10, 0xE551, 0x9267, 0x60C1, 0x6902, 0x6902, 0x60C1, 0x9267, 0xE551, 0xDD10, 0xCC2D, 0xCC6E, 0xD48F, 0xBBAB, 0xB36A, 0x0001, 0x0001,
  0x0001, 0x0001, 0xB3AB, 0xC42D, 0xCC6E, 0xC44E, 0xC42D, 0xDCF0, 0xE531, 0x8A46, 0x58A1, 0x6102, 0x6102, 0x58A1, 0x8A46, 0xE531, 0xDCF0, 0xCC6E, 0xC44E, 0xCC6E, 0xC40C, 0xB38B, 0x0001, 0x0001
};

const uint16_t ICON_CHART_16[256] PROGMEM = {
  0x0001, 0x0001, 0x0001, 0x0001, 0x0001, 0x0001, 0x2333, 0x2353, 0x2353, 0x2333, 0x0001, 0x0001, 0x0001, 0x0001, 0x0001, 0x0001,
  0x0001, 0x0001, 0x0001, 0x0001, 0x0001, 0x2333, 0x2395, 0x2333, 0x2333, 0x2395, 0x2333, 0x0001, 0x0001, 0x0001, 0x0001, 0x0001,
  0x0001, 0x0001, 0x0001, 0x0001, 0x0001, 0x2333, 0x2333, 0x0001, 0x0001, 0x2333, 0x2333, 0x0001, 0x0001, 0x0001, 0x0001, 0x0001,
  0x0001, 0x0001, 0x0001, 0x0001, 0x0001, 0x2333, 0x2354, 0x0001, 0x0001, 0x2354, 0x2333, 0x0001, 0x0001, 0x0001, 0x0001, 0x0001,
  0x0001, 0x0001, 0x0001, 0x0001, 0x0001, 0x0001, 0x2353, 0x2353, 0x2353, 0x2353, 0x0001, 0x0001, 0x0001, 0x0001, 0x0001, 0x0001,
  0x0001, 0x0001, 0x0001, 0x0001, 0x0001, 0x0001, 0x0001, 0x2333, 0x2333, 0x0001, 0x0001, 0x0001, 0x0001, 0x0001, 0x0001, 0x0001,
  0x0001, 0x0001, 0x0001, 0x0001, 0x0001, 0x2374, 0x2395, 0x2333, 0x2333, 0x2395, 0x2354, 0x0001, 0x0001, 0x0001, 0x0001, 0x0001,
  0x0001, 0x0001, 0x0001, 0x0001, 0x0001, 0x2333, 0x2353, 0x2333, 0x2333, 0x2353, 0x2333, 0x0001, 0x0001, 0x0001, 0x0001, 0x0001,
  0x0001, 0x0001, 0x2332, 0x0001, 0x0001, 0x0001, 0x0001, 0x2333, 0x2333, 0x0001, 0x0001, 0x0001, 0x0001, 0x2332, 0x0001, 0x0001,
  0x0001, 0x2332, 0x23B6, 0x2332, 0x0001, 0x0001, 0x0001, 0x2333, 0x2333, 0x0001, 0x0001, 0x0001, 0x2332, 0x23B6, 0x2332, 0x0001,
  0x0001, 0x2353, 0x2374, 0x2353, 0x0001, 0x0001, 0x0001, 0x2333, 0x2333, 0x0001, 0x0001, 0x0001, 0x2353, 0x2374, 0x2353, 0x0001,
  0x0001, 0x0001, 0x2333, 0x2333, 0x0001, 0x0001, 0x0001, 0x2333, 0x2333, 0x0001, 0x0001, 0x0001, 0x2333, 0x2333, 0x0001, 0x0001,
  0x0001, 0x0001, 0x2333, 0x2354, 0x0001, 0x0001, 0x0001, 0x2333, 0x2333, 0x0001, 0x0001, 0x0001, 0x2354, 0x2333, 0x0001, 0x0001,
  0x0001, 0x0001, 0x0001, 0x2354, 0x2354, 0x0001, 0x0001, 0x2333, 0x2333, 0x0001, 0x0001, 0x2354, 0x2354, 0x0001, 0x0001, 0x0001,
  0x0001, 0x0001, 0x0001, 0x0001, 0x2354, 0x2374, 0x2333, 0x2333, 0x2333, 0x2333, 0x2374, 0x2354, 0x0001, 0x0001, 0x0001, 0x0001,
  0x0001, 0x0001, 0x0001, 0x0001, 0x0001, 0x2353, 0x2353, 0x2333, 0x2333, 0x2353, 0x2353, 0x0001, 0x0001, 0x0001, 0x0001, 0x0001
};

const uint16_t ICON_CHART_24[576] PROGMEM = {
  0x0001, 0x0001, 0x0001, 0x0001, 0x0001, 0x0001, 0x0001, 0x0001, 0x0001, 0x0001, 0x2353, 0x2333, 0x2333, 0x2353, 0x0001, 0x0001, 0x0001, 0x0001, 0x0001, 0x0001, 0x0001, 0x0001, 0x0001, 0x0001,
  0x0001, 0x0001, 0x0001, 0x0001, 0x0001, 0x0001, 0x0001, 0x0001, 0x0001, 0x2353, 0x2395, 0x2353, 0x2353, 0x2395, 0x2353, 0x0001, 0x0001, 0x0001, 0x0001, 0x0001, 0x0001, 0x0001, 0x0001, 0x0001,
  0x0001, 0x0001, 0x0001, 0x0001, 0x0001, 0x0001, 0x0001, 0x0001, 0x2333, 0x2395, 0x2333, 0x0001, 0x0001, 0x2333, 0x2395, 0x2333, 0x0001, 0x0001, 0x0001, 0x0001, 0x0001, 0x0001, 0x0001, 0x0001,
  0x0001, 0x0001, 0x0001, 0x0001, 0x0001, 0x0001, 0x0001, 0x0001, 0x2333, 0x2353, 0x0001, 0x0001, 0x0001, 0x0001, 0x2353, 0x2333, 0x0001, 0x0001, 0x0001, 0x0001, 0x0001, 0x0001, 0x0001, 0x0001,
  0x0001, 0x0001, 0x0001, 0x0001, 0x0001, 0x0001, 0x0001, 0x0001, 0x2333, 0x2353, 0x0001, 0x0001, 0x0001, 0x0001, 0x2353, 0x2333, 0x0001, 0x0001, 0x0001, 0x0001, 0x0001, 0x0001, 0x0001, 0x0001,
  0x0001, 0x0001, 0x0001, 0x0001, 0x0001, 0x0001, 0x0001, 0x0001, 0x2333, 0x2395, 0x2333, 0x0001, 0x0001, 0x2333, 0x2395, 0x2333, 0x0001, 0x0001, 0x0001, 0x0001, 0x0001, 0x0001, 0x0001, 0x0001,
  0x0001, 0x0001, 0x0001, 0x0001, 0x0001, 0x0001, 0x0001, 0x0001, 0x0001, 0x2353, 0x2395, 0x2333, 0x2333, 0x2395, 0x2353, 0x0001, 0x0001, 0x0001, 0x0001, 0x0001, 0x0001, 0x0001, 0x0001, 0x0001,
  0x0001, 0x0001, 0x0001, 0x0001, 0x0001, 0x0001, 0x0001, 0x0001, 0x0001, 0x0001, 0x2353, 0x2354, 0x2354, 0x2353, 0x0001, 0x0001, 0x0001, 0x0001, 0x0001, 0x0001, 0x0001, 0x0001, 0x0001, 0x0001,
  0x0001, 0x0001, 0x0001, 0x0001, 0x0001, 0x0001, 0x0001, 0x0001, 0x0001, 0x0001, 0x2333, 0x2354, 0x2354, 0x2333, 0x0001, 0x0001, 0x0001, 0x0001, 0x0001, 0x0001, 0x0001, 0x0001, 0x0001, 0x0001,
  0x0001, 0x0001, 0x0001, 0x0001, 0x0001, 0x0001, 0x0001, 0x2333, 0x2395, 0x2374, 0x2354, 0x2333, 0x2333, 0x2354, 0x2374, 0x2395, 0x2333, 0x0001, 0x0001, 0x0001, 0x0001, 0x0001, 0x0001, 0x0001,
  0x0001, 0x0001, 0x0001, 0x0001, 0x0001, 0x0001, 0x0001, 0x2333, 0x2395, 0x2374, 0x2354, 0x2333, 0x2333, 0x2354, 0x2374, 0x2395, 0x2333, 0x0001, 0x0001, 0x0001, 0x0001, 0x0001, 0x0001, 0x0001,
  0x0001, 0x0001, 0x0001, 0x0001, 0x0001, 0x0001, 0x0001, 0x0001, 0x0001, 0x0001, 0x2333, 0x2354, 0x2354, 0x2333, 0x0001, 0x0001, 0x0001, 0x0001, 0x0001, 0x0001, 0x0001, 0x0001, 0x0001, 0x0001,
  0x0001, 0x0001, 0x0001, 0x0001, 0x0001, 0x0001, 0x0001, 0x0001, 0x0001, 0x0001, 0x0001, 0x2374, 0x2374, 0x0001, 0x0001, 0x0001, 0x0001, 0x0001, 0x0001, 0x0001, 0x0001, 0x0001, 0x0001, 0x0001,
  0x0001, 0x0001, 0x0001, 0x2374, 0x2332, 0x0001, 0x0001, 0x0001, 0x0001, 0x0001, 0x0001, 0x2374, 0x2374, 0x0001, 0x0001, 0x0001, 0x0001, 0x0001, 0x0001, 0x2332, 0x2374, 0x0001, 0x0001, 0x0001,
  0x0001, 0x0001, 0x2333, 0x2374, 0x2353, 0x0001, 0x0001, 0x0001, 0x0001, 0x0001, 0x0001, 0x2374, 0x2374, 0x0001, 0x0001, 0x0001, 0x0001, 0x0001, 0x0001, 0x2353, 0x2374, 0x2333, 0x0001, 0x0001,
  0x0001, 0x2333, 0x23B5, 0x2333, 0x2374, 0x2333, 0x0001, 0x0001, 0x0001, 0x0001, 0x0001, 0x2374, 0x2374, 0x0001, 0x0001, 0x0001, 0x0001, 0x0001, 0x2333, 0x2374, 0x2333, 0x23B5, 0x2333, 0x0001,
  0x0001, 0x2333, 0x2333, 0x2333, 0x2332, 0x2354, 0x0001, 0x0001, 0x0001, 0x0001, 0x0001, 0x2374, 0x2374, 0x0001, 0x0001, 0x0001, 0x0001, 0x0001, 0x2354, 0x2332, 0x2333, 0x2333, 0x2333, 0x0001,
  0x0001, 0x0001, 0x0001, 0x2333, 0x2374, 0x0001, 0x0001, 0x0001, 0x0001, 0x0001, 0x0001, 0x2374, 0x2374, 0x0001, 0x0001, 0x0001, 0x0001, 0x0001, 0x0001, 0x2374, 0x2333, 0x0001, 0x0001, 0x0001,
  0x0001, 0x0001, 0x0001, 0x2333, 0x23B5, 0x2333, 0x0001, 0x0001, 0x0001, 0x0001, 0x0001, 0x2374, 0x2374, 0x0001, 0x0001, 0x0001, 0x0001, 0x0001, 0x2333, 0x23B5, 0x2333, 0x0001, 0x0001, 0x0001,
  0x0001, 0x0001, 0x0001, 0x0001, 0x2333, 0x2395, 0x2333, 0x0001, 0x0001, 0x0001, 0x0001, 0x2374, 0x2374, 0x0001, 0x0001, 0x0001, 0x0001, 0x2333, 0x2395, 0x2333, 0x0001, 0x0001, 0x0001, 0x0001,
  0x0001, 0x0001, 0x0001, 0x0001, 0x0001, 0x2374, 0x2374, 0x2333, 0x0001, 0x0001, 0x0001, 0x2374, 0x2374, 0x0001, 0x0001, 0x0001, 0x2333, 0x2374, 0x2374, 0x0001, 0x0001, 0x0001, 0x0001, 0x0001,
  0x0001, 0x0001, 0x0001, 0x0001, 0x0001, 0x2332, 0x2374, 0x2395, 0x2333, 0x2333, 0x2333, 0x2354, 0x2354, 0x2333, 0x2333, 0x2333, 0x2395, 0x2374, 0x2332, 0x0001, 0x0001, 0x0001, 0x0001, 0x0001,
  0x0001, 0x0001, 0x0001, 0x0001, 0x0001, 0x0001, 0x0001, 0x2353, 0x2395, 0x23B5, 0x2374, 0x2353, 0x2353, 0x2374, 0x23B5, 0x2395, 0x2353, 0x0001, 0x0001, 0x0001, 0x0001, 0x0001, 0x0001, 0x0001,
  0x0001, 0x0001, 0x0001, 0x0001, 0x0001, 0x0001, 0x0001, 0x0001, 0x2353, 0x2333, 0x2333, 0x2333, 0x2333, 0x2333, 0x2333, 0x2353, 0x0001, 0x0001, 0x0001, 0x0001, 0x0001, 0x0001, 0x0001, 0x0001
};

const uint16_t ICON_COMPASS_16[256] PROGMEM = {
  0x0001, 0x0001, 0x0001, 0x0001, 0x0001, 0xFC80, 0xF460, 0xF440, 0xF440, 0xF460, 0xFC80, 0x0001, 0x0001, 0x0001, 0x0001, 0x0001,
  0x0001, 0x0001, 0x0001, 0xFC81, 0xFC80, 0xFCE1, 0xFD45, 0xFD87, 0xFD87, 0xFD45, 0xFCE1, 0xFC80, 0xFC81, 0x0001, 0x0001, 0x0001,
  0x0001, 0x0001, 0xF481, 0xFCC0, 0xFD87, 0xFEF3, 0xFF9A, 0xFFBD, 0xFFBD, 0xFF9A, 0xFEF3, 0xFD87, 0xFCC0, 0xF481, 0x0001, 0x0001,
  0x0001, 0xF461, 0xFCC0, 0xFDEA, 0xFFDB, 0xF7FF, 0xF7DF, 0xF7DF, 0xF7DF, 0xF7DF, 0xF7FF, 0xFF9B, 0xFDEA, 0xFCC0, 0xF461, 0x0001,
  0x0001, 0xFC80, 0xFD87, 0xFFBB, 0xEE9C, 0xF6FC, 0xFFFF, 0xEF9E, 0xEF7E, 0xFFFF, 0xF7DF, 0xF7DF, 0xFF9B, 0xFD87, 0xFC80, 0x0001,
  0xF460, 0xFCE1, 0xFED3, 0xF7FF, 0xF6FC, 0xE28C, 0xED56, 0xE73D, 0xE75D, 0xEF9E, 0xDF3D, 0xF7DF, 0xF7FF, 0xFED3, 0xFCE1, 0xF460,
  0xF440, 0xFD45, 0xFF9A, 0xF7DF, 0xFFFF, 0xED56, 0xD885, 0xBBB0, 0xB65A, 0xD6DC, 0xEF9E, 0xFFFF, 0xF7DF, 0xFF9A, 0xFD45, 0xF440,
  0xF440, 0xFD87, 0xFFDD, 0xF7DF, 0xEF9E, 0xE73D, 0xBBB0, 0xBE19, 0xBE5A, 0xBE5A, 0xE75D, 0xEF7E, 0xF7DF, 0xFFDD, 0xFDA7, 0xF440,
  0xF440, 0xFD87, 0xFFDD, 0xF7DF, 0xEF7E, 0xE75D, 0xB65A, 0xBE5A, 0xBE19, 0x6BAF, 0xDF3D, 0xEF9E, 0xF7DF, 0xFFDD, 0xFDA7, 0xF440,
  0xF440, 0xFD45, 0xFF9A, 0xF7DF, 0xFFFF, 0xEF9E, 0xD6DC, 0xBE5A, 0x6BAF, 0x0882, 0xA555, 0xFFFF, 0xF7DF, 0xFF9A, 0xFD45, 0xF440,
  0xF460, 0xFCE1, 0xFED3, 0xF7FF, 0xF7DF, 0xDF3D, 0xEF9E, 0xE75D, 0xDF3D, 0xA535, 0x4A8A, 0xDEFC, 0xFFFF, 0xFED3, 0xFCE1, 0xF460,
  0x0001, 0xFC80, 0xFD87, 0xFF9B, 0xF7DF, 0xF7DF, 0xFFFF, 0xEF7E, 0xEF9E, 0xFFFF, 0xDEFC, 0xC69B, 0xFFBB, 0xFD87, 0xFC80, 0x0001,
  0x0001, 0xF461, 0xFCC0, 0xFDEA, 0xFF9B, 0xF7FF, 0xF7DF, 0xF7DF, 0xF7DF, 0xF7DF, 0xFFFF, 0xFFDB, 0xFDEA, 0xFCC0, 0xF461, 0x0001,
  0x0001, 0x0001, 0xF481, 0xFCC0, 0xFD87, 0xFEF3, 0xFF9A, 0xFFDD, 0xFFBD, 0xFF9A, 0xFEF3, 0xFD87, 0xFCC0, 0xF481, 0x0001, 0x0001,
  0x0001, 0x0001, 0x0001, 0xFC81, 0xFC80, 0xFCE1, 0xFD45, 0xFD87, 0xFD87, 0xFD45, 0xFCE1, 0xFC80, 0xFC81, 0x0001, 0x0001, 0x0001,
  0x0001, 0x0001, 0x0001, 0x0001, 0x0001, 0xFC80, 0xF460, 0xF440, 0xF440, 0xF460, 0xFC80, 0x0001, 0x0001, 0x0001, 0x0001, 0x0001
};

const uint16_t ICON_COMPASS_24[576] PROGMEM = {
  0x0001, 0x0001, 0x0001, 0x0001, 0x0001, 0x0001, 0x0001, 0x0001, 0xFCA1, 0xFC81, 0xF481, 0xF481, 0xF481, 0xF481, 0xFC81, 0xFCA1, 0x0001, 0x0001, 0x0001, 0x0001, 0x0001, 0x0001, 0x0001, 0x0001,
  0x0001, 0x0001, 0x0001, 0x0001, 0x0001, 0x0001, 0xFCA1, 0xFCA1, 0xFCC1, 0xFC80, 0xFC60, 0xFC60, 0xFC60, 0xFC60, 0xFC80, 0xFCC1, 0xFCA1, 0xFCA1, 0x0001, 0x0001, 0x0001, 0x0001, 0x0001, 0x0001,
  0x0001, 0x0001, 0x0001, 0x0001, 0xF481, 0xFCA1, 0xFCC1, 0xF460, 0xF4A2, 0xFD46, 0xFDC9, 0xFDEA, 0xFDEA, 0xFDC9, 0xFD46, 0xF4A2, 0xF460, 0xFCC1, 0xFCA1, 0xF481, 0x0001, 0x0001, 0x0001, 0x0001,
  0x0001, 0x0001, 0x0001, 0xF461, 0xFCE1, 0xFC60, 0xF4A2, 0xFDC9, 0xFED1, 0xFF56, 0xFF9A, 0xFF9B, 0xFF9B, 0xFF9A, 0xFF56, 0xFED1, 0xFDC9, 0xF4A2, 0xFC60, 0xFCE1, 0xF461, 0x0001, 0x0001, 0x0001,
  0x0001, 0x0001, 0xF461, 0xFCE1, 0xF460, 0xF504, 0xFE8F, 0xFF78, 0xF7DE, 0xF7DF, 0xF7DF, 0xF7DF, 0xF7DF, 0xF7DF, 0xF7DF, 0xF7DE, 0xFF78, 0xFE8E, 0xF504, 0xF460, 0xFCE1, 0xF461, 0x0001, 0x0001,
  0x0001, 0x0001, 0xFCA1, 0xFC60, 0xF504, 0xFED1, 0xFFBC, 0xF7FF, 0xF7DF, 0xF7DF, 0xF7DF, 0xF7BF, 0xF7BF, 0xF7DF, 0xF7DF, 0xF7DF, 0xF7DF, 0xFFBB, 0xFED1, 0xF504, 0xFC60, 0xFCA1, 0x0001, 0x0001,
  0x0001, 0xF461, 0xFCC1, 0xF4A2, 0xFE8E, 0xFFBC, 0xF71D, 0xF73D, 0xF7FF, 0xF7DF, 0xFFDF, 0xE75D, 0xE75D, 0xFFDF, 0xF7DF, 0xF7DF, 0xF7DF, 0xF7DF, 0xFF9C, 0xFE8E, 0xF4A2, 0xFCC1, 0xF461, 0x0001,
  0x0001, 0xFCA1, 0xF460, 0xFDC9, 0xFF78, 0xF7FF, 0xF71C, 0xE30E, 0xED97, 0xF7FF, 0xFFFF, 0xDF1C, 0xDF1C, 0xFFDF, 0xFFDF, 0xEF9E, 0xEF7E, 0xF7DF, 0xF7DF, 0xFF78, 0xFDC9, 0xF460, 0xFCA1, 0x0001,
  0xF481, 0xFCC1, 0xF4C2, 0xFED1, 0xF7DE, 0xF7DF, 0xF7FF, 0xED76, 0xD8A5, 0xE36F, 0xF6FC, 0xD73D, 0xD6FC, 0xF7DF, 0xE75D, 0xD6DC, 0xEF9E, 0xF7DF, 0xF7DF, 0xF7DE, 0xFED1, 0xF4C2, 0xFCC1, 0xF481,
  0xF481, 0xFC80, 0xFD46, 0xFF56, 0xF7DF, 0xF7DF, 0xF7DF, 0xF7FF, 0xE36F, 0xD865, 0xE168, 0xCC73, 0xC69B, 0xD71C, 0xC69B, 0xE75D, 0xFFDF, 0xF7DF, 0xF7DF, 0xF7DF, 0xFF56, 0xFD46, 0xFC80, 0xF481,
  0xF481, 0xFC60, 0xFDC9, 0xFF9A, 0xF7DF, 0xF7DF, 0xFFDF, 0xFFFF, 0xF6FC, 0xE168, 0xB28C, 0x94B4, 0x9535, 0xADB8, 0xDF1C, 0xF7DF, 0xFFDF, 0xFFDF, 0xF7DF, 0xF7DF, 0xFF9A, 0xFDC9, 0xFC60, 0xF481,
  0xF461, 0xFC60, 0xFDEA, 0xFF9B, 0xF7DF, 0xF7BF, 0xE75D, 0xDF1C, 0xD73D, 0xCC73, 0x94B4, 0xEFBF, 0xEF7E, 0x9536, 0xCEBB, 0xD6FC, 0xDF1C, 0xE75D, 0xF7BF, 0xF7DF, 0xFF9B, 0xFE0A, 0xFC60, 0xF461,
  0xF461, 0xFC60, 0xFDEA, 0xFF9B, 0xF7DF, 0xF7BF, 0xE75D, 0xDF1C, 0xD6FC, 0xC69B, 0x9536, 0xEF7E, 0xF7DF, 0x84B4, 0x8472, 0xDF3D, 0xDF1C, 0xE75D, 0xF7BF, 0xF7DF, 0xFF9B, 0xFE0A, 0xFC60, 0xF461,
  0xF481, 0xFC60, 0xFDC9, 0xFF9A, 0xF7DF, 0xF7DF, 0xFFDF, 0xFFDF, 0xF7DF, 0xD71C, 0xADD8, 0x9536, 0x84B4, 0x426A, 0x2986, 0xDEFC, 0xFFFF, 0xF7DF, 0xF7DF, 0xF7DF, 0xFF9A, 0xFDC9, 0xFC60, 0xF481,
  0xF481, 0xFC80, 0xFD46, 0xFF56, 0xF7DF, 0xF7DF, 0xF7DF, 0xFFDF, 0xE75D, 0xC69B, 0xDF1C, 0xCE9B, 0x8472, 0x2986, 0x0882, 0x636D, 0xFFFF, 0xF7DF, 0xF7DF, 0xF7DF, 0xFF56, 0xFD46, 0xFC80, 0xF481,
  0xF481, 0xFCC1, 0xF4C2, 0xFED1, 0xF7DE, 0xF7DF, 0xF7DF, 0xEF9E, 0xD6DC, 0xE75D, 0xF7DF, 0xD6FC, 0xDF3D, 0xDEDB, 0x636D, 0x10C3, 0xAD76, 0xFFFF, 0xF7DF, 0xF7DE, 0xFED1, 0xF4C2, 0xFCC1, 0xF481,
  0x0001, 0xFCA1, 0xF460, 0xFDC9, 0xFF78, 0xF7DF, 0xF7DF, 0xEF7E, 0xEF9E, 0xFFDF, 0xFFDF, 0xDF1C, 0xDF1C, 0xFFFF, 0xFFFF, 0xAD76, 0x5B0C, 0xDF1C, 0xFFFF, 0xFF78, 0xFDC9, 0xF460, 0xFCA1, 0x0001,
  0x0001, 0xF461, 0xFCC1, 0xF4A2, 0xFE8E, 0xFF9C, 0xF7DF, 0xF7DF, 0xF7DF, 0xF7DF, 0xFFDF, 0xE75D, 0xE75D, 0xF7DF, 0xF7DF, 0xFFFF, 0xE73D, 0xD71D, 0xFFBC, 0xFE8E, 0xF4A2, 0xFCC1, 0xF461, 0x0001,
  0x0001, 0x0001, 0xFCA1, 0xFC60, 0xF504, 0xFED1, 0xFFBB, 0xF7DF, 0xF7DF, 0xF7DF, 0xF7DF, 0xF7BF, 0xF7BF, 0xF7DF, 0xF7DF, 0xF7DF, 0xFFFF, 0xFFBC, 0xFED1, 0xF504, 0xFC60, 0xFCA1, 0x0001, 0x0001,
  0x0001, 0x0001, 0xF461, 0xFCE1, 0xF460, 0xF504, 0xFE8E, 0xFF78, 0xF7DE, 0xF7DF, 0xF7DF, 0xF7DF, 0xF7DF, 0xF7DF, 0xF7DF, 0xF7DE, 0xFF78, 0xFE8F, 0xF504, 0xF460, 0xFCE1, 0xF461, 0x0001, 0x0001,
  0x0001, 0x0001, 0x0001, 0xF461, 0xFCE1, 0xFC60, 0xF4A2, 0xFDC9, 0xFED1, 0xFF56, 0xFF9A, 0xFF9B, 0xFF9B, 0xFF9A, 0xFF56, 0xFED1, 0xFDC9, 0xF4A2, 0xFC60, 0xFCE1, 0xF461, 0x0001, 0x0001, 0x0001,
  0x0001, 0x0001, 0x0001, 0x0001, 0xF481, 0xFCA1, 0xFCC1, 0xF460, 0xF4A2, 0xFD46, 0xFDC9, 0xFE0A, 0xFE0A, 0xFDC9, 0xFD46, 0xF4A2, 0xF460, 0xFCC1, 0xFCA1, 0xF481, 0x0001, 0x0001, 0x0001, 0x0001,
  0x0001, 0x0001, 0x0001, 0x0001, 0x0001, 0x0001, 0xFCA1, 0xFCA1, 0xFCC1, 0xFC80, 0xFC60, 0xFC60, 0xFC60, 0xFC60, 0xFC80, 0xFCC1, 0xFCA1, 0xFCA1, 0x0001, 0x0001, 0x0001, 0x0001, 0x0001, 0x0001,
  0x0001, 0x0001, 0x0001, 0x0001, 0x0001, 0x0001, 0x0001, 0x0001, 0xFCA1, 0xFC81, 0xF481, 0xF481, 0xF481, 0xF481, 0xFC81, 0xFCA1, 0x0001, 0x0001, 0x0001, 0x0001, 0x0001, 0x0001, 0x0001, 0x0001
};

const uint16_t ICON_STAR_16[256] PROGMEM = {
  0x0001, 0x0001, 0x0001, 0x0001, 0x0001, 0x0001, 0x0001, 0x0001, 0x0001, 0x0001, 0x0001, 0x0001, 0x0001, 0x0001, 0x0001, 0x0001,
  0x0001, 0x0001, 0x0001, 0x0001, 0x0001, 0x0001, 0x0001, 0xFD46, 0xFD46, 0x0001, 0x0001, 0x0001, 0x0001, 0x0001, 0x0001, 0x0001,
  0x0001, 0x0001, 0x0001, 0x0001, 0x0001, 0x0001, 0x0001, 0xFDA6, 0xFDA6, 0x0001, 0x0001, 0x0001, 0x0001, 0x0001, 0x0001, 0x0001,
  0x0001, 0x0001, 0x0001, 0x0001, 0x0001, 0x0001, 0xFD46, 0xFDC6, 0xFDC6, 0xFD46, 0x0001, 0x0001, 0x0001, 0x0001, 0x0001, 0x0001,
  0x0001, 0x0001, 0x0001, 0x0001, 0x0001, 0x0001, 0xFD46, 0xFDA6, 0xFDA6, 0xFD46, 0x0001, 0x0001, 0x0001, 0x0001, 0x0001, 0x0001,
  0x0001, 0x0001, 0x0001, 0x0001, 0x0001, 0xFD66, 0xFD66, 0xFD66, 0xFD66, 0xFD66, 0x0001, 0x0001, 0x0001, 0x0001, 0x0001, 0x0001,
  0xFD46, 0xFE27, 0xFD86, 0xFD86, 0xFD86, 0xFD86, 0xFD66, 0xFD66, 0xFD66, 0xFD66, 0xFD86, 0xFD86, 0xFD86, 0xFD86, 0xFE27, 0xFD46,
  0x0001, 0xFD86, 0xFDE7, 0xFD66, 0xFD66, 0xFD66, 0xFD66, 0xFD66, 0xFD66, 0xFD66, 0xFD66, 0xFD66, 0xFD66, 0xFDE7, 0xFD86, 0x0001,
  0x0001, 0x0001, 0xFD86, 0xFDA6, 0xFD86, 0xFD46, 0xFD66, 0xFD66, 0xFD66, 0xFD66, 0xFD46, 0xFD86, 0xFDA6, 0xFD86, 0x0001, 0x0001,
  0x0001, 0x0001, 0x0001, 0x0001, 0xFD86, 0xFD86, 0xFD66, 0xFD66, 0xFD66, 0xFD66, 0xFD86, 0xFD86, 0x0001, 0x0001, 0x0001, 0x0001,
  0x0001, 0x0001, 0x0001, 0x0001, 0xFD46, 0xFDA6, 0xFD66, 0xFD66, 0xFD66, 0xFD66, 0xFDA6, 0xFD46, 0x0001, 0x0001, 0x0001, 0x0001,
  0x0001, 0x0001, 0x0001, 0x0001, 0xFD66, 0xFD66, 0xFD46, 0xFD86, 0xFD86, 0xFD46, 0xFD66, 0xFD66, 0x0001, 0x0001, 0x0001, 0x0001,
  0x0001, 0x0001, 0x0001, 0xFD66, 0xFDC6, 0xFD66, 0xFDC6, 0xFD66, 0xFD66, 0xFDC6, 0xFD66, 0xFDC6, 0xFD66, 0x0001, 0x0001, 0x0001,
  0x0001, 0x0001, 0x0001, 0xFD46, 0xFDC6, 0xFDC6, 0xFD86, 0x0001, 0x0001, 0xFD86, 0xFDC6, 0xFDC6, 0xFD46, 0x0001, 0x0001, 0x0001,
  0x0001, 0x0001, 0x0001, 0xFD46, 0xFDA6, 0xFD66, 0x0001, 0x0001, 0x0001, 0x0001, 0xFD66, 0xFDA6, 0xFD46, 0x0001, 0x0001, 0x0001,
  0x0001, 0x0001, 0x0001, 0x0001, 0x0001, 0x0001, 0x0001, 0x0001, 0x0001, 0x0001, 0x0001, 0x0001, 0x0001, 0x0001, 0x0001, 0x0001
};

const uint16_t ICON_STAR_24[576] PROGMEM = {
  0x0001, 0x0001, 0x0001, 0x0001, 0x0001, 0x0001, 0x0001, 0x0001, 0x0001, 0x0001, 0x0001, 0x0001, 0x0001, 0x0001, 0x0001, 0x0001, 0x0001, 0x0001, 0x0001, 0x0001, 0x0001, 0x0001, 0x0001, 0x0001,
  0x0001, 0x0001, 0x0001, 0x0001, 0x0001, 0x0001, 0x0001, 0x0001, 0x0001, 0x0001, 0x0001, 0xFD46, 0xFD46, 0x0001, 0x0001, 0x0001, 0x0001, 0x0001, 0x0001, 0x0001, 0x0001, 0x0001, 0x0001, 0x0001,
  0x0001, 0x0001, 0x0001, 0x0001, 0x0001, 0x0001, 0x0001, 0x0001, 0x0001, 0x0001, 0x0001, 0xFE07, 0xFE07, 0x0001, 0x0001, 0x0001, 0x0001, 0x0001, 0x0001, 0x0001, 0x0001, 0x0001, 0x0001, 0x0001,
  0x0001, 0x0001, 0x0001, 0x0001, 0x0001, 0x0001, 0x0001, 0x0001, 0x0001, 0x0001, 0xFD46, 0xFDA6, 0xFDA6, 0xFD66, 0x0001, 0x0001, 0x0001, 0x0001, 0x0001, 0x0001, 0x0001, 0x0001, 0x0001, 0x0001,
  0x0001, 0x0001, 0x0001, 0x0001, 0x0001, 0x0001, 0x0001, 0x0001, 0x0001, 0x0001, 0xFD66, 0xFD86, 0xFD86, 0xFD66, 0x0001, 0x0001, 0x0001, 0x0001, 0x0001, 0x0001, 0x0001, 0x0001, 0x0001, 0x0001,
  0x0001, 0x0001, 0x0001, 0x0001, 0x0001, 0x0001, 0x0001, 0x0001, 0x0001, 0xFD66, 0xFDC6, 0xFD66, 0xFD66, 0xFDA6, 0x0001, 0x0001, 0x0001, 0x0001, 0x0001, 0x0001, 0x0001, 0x0001, 0x0001, 0x0001,
  0x0001, 0x0001, 0x0001, 0x0001, 0x0001, 0x0001, 0x0001, 0x0001, 0x0001, 0xFD66, 0xFDA6, 0xFD66, 0xFD66, 0xFDC6, 0xFD46, 0x0001, 0x0001, 0x0001, 0x0001, 0x0001, 0x0001, 0x0001, 0x0001, 0x0001,
  0x0001, 0x0001, 0x0001, 0x0001, 0x0001, 0x0001, 0x0001, 0x0001, 0x0001, 0xFD66, 0xFD86, 0xFD66, 0xFD66, 0xFD86, 0xFD66, 0x0001, 0x0001, 0x0001, 0x0001, 0x0001, 0x0001, 0x0001, 0x0001, 0x0001,
  0x0001, 0x0001, 0x0001, 0x0001, 0x0001, 0x0001, 0x0001, 0x0001, 0xFD66, 0xFDA6, 0xFD66, 0xFD66, 0xFD66, 0xFD66, 0xFD86, 0xFD46, 0x0001, 0x0001, 0x0001, 0x0001, 0x0001, 0x0001, 0x0001, 0x0001,
  0x0001, 0xFDC6, 0xFDC6, 0xFDC6, 0xFDC6, 0xFDC6, 0xFDC6, 0xFDC6, 0xFDA6, 0xFD66, 0xFD66, 0xFD66, 0xFD66, 0xFD66, 0xFD66, 0xFDA6, 0xFDC6, 0xFDC6, 0xFDC6, 0xFDC6, 0xFDC6, 0xFDC6, 0xFDC6, 0x0001,
  0x0001, 0xFDC6, 0xFD86, 0xFD66, 0xFD66, 0xFD66, 0xFD66, 0xFD66, 0xFD66, 0xFD66, 0xFD66, 0xFD66, 0xFD66, 0xFD66, 0xFD66, 0xFD66, 0xFD66, 0xFD66, 0xFD66, 0xFD66, 0xFD66, 0xFD86, 0xFDC6, 0x0001,
  0x0001, 0x0001, 0xFD86, 0xFDC6, 0xFD66, 0xFD66, 0xFD66, 0xFD66, 0xFD66, 0xFD66, 0xFD66, 0xFD66, 0xFD66, 0xFD66, 0xFD66, 0xFD66, 0xFD66, 0xFD66, 0xFD66, 0xFD66, 0xFDC6, 0xFD86, 0x0001, 0x0001,
  0x0001, 0x0001, 0x0001, 0xFD86, 0xFDC6, 0xFD86, 0xFD46, 0xFD66, 0xFD66, 0xFD66, 0xFD66, 0xFD66, 0xFD66, 0xFD66, 0xFD66, 0xFD66, 0xFD66, 0xFD46, 0xFD86, 0xFDC6, 0xFD86, 0x0001, 0x0001, 0x0001,
  0x0001, 0x0001, 0x0001, 0x0001, 0xFD66, 0xFD86, 0xFDA6, 0xFD46, 0xFD66, 0xFD66, 0xFD66, 0xFD66, 0xFD66, 0xFD66, 0xFD66, 0xFD66, 0xFD46, 0xFDA6, 0xFD86, 0xFD66, 0x0001, 0x0001, 0x0001, 0x0001,
  0x0001, 0x0001, 0x0001, 0x0001, 0x0001, 0x0001, 0xFD86, 0xFD86, 0xFD66, 0xFD66, 0xFD66, 0xFD66, 0xFD66, 0xFD66, 0xFD66, 0xFD66, 0xFD86, 0xFD86, 0x0001, 0x0001, 0x0001, 0x0001, 0x0001, 0x0001,
  0x0001, 0x0001, 0x0001, 0x0001, 0x0001, 0x0001, 0xFD46, 0xFDC6, 0xFD66, 0xFD66, 0xFD66, 0xFD66, 0xFD66, 0xFD66, 0xFD66, 0xFD66, 0xFDC6, 0xFD46, 0x0001, 0x0001, 0x0001, 0x0001, 0x0001, 0x0001,
  0x0001, 0x0001, 0x0001, 0x0001, 0x0001, 0x0001, 0xFD66, 0xFD86, 0xFD66, 0xFD66, 0xFD66, 0xFD66, 0xFD66, 0xFD66, 0xFD66, 0xFD66, 0xFD86, 0xFD66, 0x0001, 0x0001, 0x0001, 0x0001, 0x0001, 0x0001,
  0x0001, 0x0001, 0x0001, 0x0001, 0x0001, 0x0001, 0xFDA6, 0xFD66, 0xFD66, 0xFD66, 0xFD66, 0xFD66, 0xFD66, 0xFD66, 0xFD66, 0xFD66, 0xFD66, 0xFDA6, 0x0001, 0x0001, 0x0001, 0x0001, 0x0001, 0x0001,
  0x0001, 0x0001, 0x0001, 0x0001, 0x0001, 0xFD46, 0xFDC6, 0xFD66, 0xFD66, 0xFD46, 0xFD86, 0xFD86, 0xFD86, 0xFD86, 0xFD46, 0xFD66, 0xFD66, 0xFDC6, 0xFD46, 0x0001, 0x0001, 0x0001, 0x0001, 0x0001,
  0x0001, 0x0001, 0x0001, 0x0001, 0x0001, 0xFD46, 0xFD86, 0xFD66, 0xFD66, 0xFDC6, 0xFD86, 0x0001, 0x0001, 0xFD86, 0xFDC6, 0xFD66, 0xFD66, 0xFD86, 0xFD46, 0x0001, 0x0001, 0x0001, 0x0001, 0x0001,
  0x0001, 0x0001, 0x0001, 0x0001, 0x0001, 0xFD86, 0xFD66, 0xFD66, 0xFDC6, 0xFD86, 0x0001, 0x0001, 0x0001, 0x0001, 0xFD86, 0xFDC6, 0xFD66, 0xFD66, 0xFD86, 0x0001, 0x0001, 0x0001, 0x0001, 0x0001,
  0x0001, 0x0001, 0x0001, 0x0001, 0xFD46, 0xFDE7, 0xFDA6, 0xFD86, 0xFD66, 0x0001, 0x0001, 0x0001, 0x0001, 0x0001, 0x0001, 0xFD66, 0xFD86, 0xFDA6, 0xFDE7, 0xFD46, 0x0001, 0x0001, 0x0001, 0x0001,
  0x0001, 0x0001, 0x0001, 0x0001, 0x0001, 0xFDA6, 0xFD86, 0x0001, 0x0001, 0x0001, 0x0001, 0x0001, 0x0001, 0x0001, 0x0001, 0x0001, 0x0001, 0xFD86, 0xFDA6, 0x0001, 0x0001, 0x0001, 0x0001, 0x0001,
  0x0001, 0x0001, 0x0001, 0x0001, 0x0001, 0x0001, 0x0001, 0x0001, 0x0001, 0x0001, 0x0001, 0x0001, 0x0001, 0x0001, 0x0001, 0x0001, 0x0001, 0x0001, 0x0001, 0x0001, 0x0001, 0x0001, 0x0001, 0x0001
};

const uint16_t ICON_SPACE_16[256] PROGMEM = {
  0x0001, 0x0001, 0x0001, 0x0001, 0x0001, 0x0001, 0x0001, 0x0001, 0x0001, 0x0001, 0x0001, 0x0001, 0x0001, 0x0001, 0x0001, 0x0001,
  0x0001, 0x0001, 0x0001, 0x0001, 0x0001, 0x0001, 0x0001, 0x0001, 0x0001, 0x0001, 0x0001, 0x0001, 0x0001, 0x0001, 0x0001, 0x0001,
  0x0001, 0x0001, 0x0001, 0x0001, 0x0001, 0x0001, 0x0001, 0x0001, 0x0001, 0x0001, 0x0001, 0x0001, 0x0001, 0x0001, 0x0001, 0x0001,
  0x0001, 0x0001, 0x0001, 0x0001, 0x0001, 0x0001, 0xFE8A, 0xFE89, 0xFEAA, 0xFE69, 0x0001, 0xE2A0, 0xEB20, 0xEB20, 0x0001, 0x0001,
  0x0001, 0x0001, 0x0001, 0x0001, 0x0001, 0xFECA, 0xFF2B, 0xFEEB, 0xFEA9, 0xFD43, 0xFC81, 0xEB40, 0xEB00, 0xFBA0, 0xFBA0, 0xEAE0,
  0x0001, 0x0001, 0x0001, 0x0001, 0xFD44, 0xFE27, 0xFDA6, 0xFDC7, 0xF4C2, 0xF440, 0xFC60, 0xFD44, 0x0001, 0xE2C0, 0xFC20, 0xE2E0,
  0x0001, 0x0001, 0x0001, 0xF441, 0xFCC1, 0xF461, 0xF461, 0xF461, 0xF440, 0xF461, 0xF4E3, 0xFE69, 0xF484, 0xEB80, 0xFBC0, 0x0001,
  0x0001, 0x0001, 0xEAE0, 0xFC41, 0xF461, 0xF460, 0xF460, 0xF461, 0xF4C2, 0xFDE7, 0xFE6A, 0xF484, 0xFC00, 0xFC00, 0xE2A0, 0x0001,
  0x0001, 0xEB20, 0xEB20, 0xFD86, 0xFD85, 0xFD24, 0xFDC7, 0xFE28, 0xFE49, 0xF546, 0xF402, 0xF3C0, 0xF3A0, 0xEAC0, 0x0001, 0x0001,
  0x0001, 0xFC00, 0xE280, 0xFF4C, 0xFF0A, 0xFE6A, 0xFDE8, 0xF4E6, 0xF402, 0xEBA0, 0xEBC0, 0xFC83, 0xF4A5, 0x0001, 0x0001, 0x0001,
  0xEAE0, 0xFC20, 0xEB20, 0xEB40, 0xF402, 0xF402, 0xEBC0, 0xEBA0, 0xEBC0, 0xF422, 0xFD46, 0xFE49, 0x0001, 0x0001, 0x0001, 0x0001,
  0xE2C0, 0xFB80, 0xFC20, 0xFC40, 0xFC00, 0xFC00, 0xFC62, 0xFCE4, 0xFDA7, 0xFE68, 0xFDC5, 0x0001, 0x0001, 0x0001, 0x0001, 0x0001,
  0x0001, 0x0001, 0xEAC0, 0xEB00, 0xE2A0, 0x0001, 0xFDC8, 0xFE28, 0xFD85, 0xFCA1, 0x0001, 0x0001, 0x0001, 0x0001, 0x0001, 0x0001,
  0x0001, 0x0001, 0x0001, 0x0001, 0x0001, 0x0001, 0x0001, 0x0001, 0x0001, 0x0001, 0x0001, 0x0001, 0x0001, 0x0001, 0x0001, 0x0001,
  0x0001, 0x0001, 0x0001, 0x0001, 0x0001, 0x0001, 0x0001, 0x0001, 0x0001, 0x0001, 0x0001, 0x0001, 0x0001, 0x0001, 0x0001, 0x0001,
  0x0001, 0x0001, 0x0001, 0x0001, 0x0001, 0x0001, 0x0001, 0x0001, 0x0001, 0x0001, 0x0001, 0x0001, 0x0001, 0x0001, 0x0001, 0x0001
};

const uint16_t ICON_SPACE_24[576] PROGMEM = {
  0x0001, 0x0001, 0x0001, 0x0001, 0x0001, 0x0001, 0x0001, 0x0001, 0x0001, 0x0001, 0x0001, 0x0001, 0x0001, 0x0001, 0x0001, 0x0001, 0x0001, 0x0001, 0x0001, 0x0001, 0x0001, 0x0001, 0x0001, 0x0001,
  0x0001, 0x0001, 0x0001, 0x0001, 0x0001, 0x0001, 0x0001, 0x0001, 0x0001, 0x0001, 0x0001, 0x0001, 0x0001, 0x0001, 0x0001, 0x0001, 0x0001, 0x0001, 0x0001, 0x0001, 0x0001, 0x0001, 0x0001, 0x0001,
  0x0001, 0x0001, 0x0001, 0x0001, 0x0001, 0x0001, 0x0001, 0x0001, 0x0001, 0x0001, 0x0001, 0x0001, 0x0001, 0x0001, 0x0001, 0x0001, 0x0001, 0x0001, 0x0001, 0x0001, 0x0001, 0x0001, 0x0001, 0x0001,
  0x0001, 0x0001, 0x0001, 0x0001, 0x0001, 0x0001, 0x0001, 0x0001, 0x0001, 0x0001, 0x0001, 0x0001, 0x0001, 0x0001, 0x0001, 0x0001, 0x0001, 0x0001, 0x0001, 0x0001, 0x0001, 0x0001, 0x0001, 0x0001,
  0x0001, 0x0001, 0x0001, 0x0001, 0x0001, 0x0001, 0x0001, 0x0001, 0x0001, 0x0001, 0x0001, 0x0001, 0x0001, 0x0001, 0x0001, 0x0001, 0x0001, 0x0001, 0x0001, 0x0001, 0x0001, 0x0001, 0x0001, 0x0001,
  0x0001, 0x0001, 0x0001, 0x0001, 0x0001, 0x0001, 0x0001, 0x0001, 0x0001, 0xFE89, 0xFE69, 0xFE69, 0xFE69, 0xFE8A, 0xFE48, 0x0001, 0xE280, 0xE2E0, 0xEB00, 0xEB00, 0xEAE0, 0xEAC0, 0x0001, 0x0001,
  0x0001, 0x0001, 0x0001, 0x0001, 0x0001, 0x0001, 0x0001, 0xFE69, 0xFECA, 0xFECA, 0xFE89, 0xFE69, 0xFEAA, 0xFE07, 0xFD02, 0xFCC1, 0xFBC0, 0xEAE0, 0xFB60, 0xFBC0, 0xFBE0, 0xFB80, 0xF300, 0x0001,
  0x0001, 0x0001, 0x0001, 0x0001, 0x0001, 0x0001, 0xFE08, 0xFF2B, 0xFEAA, 0xFE6A, 0xFE8A, 0xFE8A, 0xFE08, 0xF4A2, 0xF461, 0xF481, 0xFCC1, 0xF442, 0x0001, 0xEAE0, 0xF320, 0xF3E1, 0xFB60, 0xE2C0,
  0x0001, 0x0001, 0x0001, 0x0001, 0x0001, 0x0001, 0xFCE2, 0xFD65, 0xFD86, 0xFD24, 0xFDA6, 0xFD65, 0xF481, 0xF461, 0xF481, 0xF461, 0xF460, 0xFDC6, 0x0001, 0x0001, 0xF300, 0xF401, 0xFB80, 0xE2C0,
  0x0001, 0x0001, 0x0001, 0x0001, 0x0001, 0xF461, 0xFCC1, 0xF461, 0xF460, 0xF460, 0xF461, 0xF461, 0xF461, 0xF481, 0xF461, 0xF461, 0xF4A2, 0xFEA9, 0xFE29, 0xE280, 0xF3C0, 0xF401, 0xEAE0, 0x0001,
  0x0001, 0x0001, 0x0001, 0x0001, 0x0001, 0xF461, 0xFC81, 0xF481, 0xF481, 0xF481, 0xF481, 0xF481, 0xF461, 0xF440, 0xF503, 0xFE08, 0xFE89, 0xFE09, 0xF3A2, 0xF3C0, 0xF441, 0xFB40, 0xE2C0, 0x0001,
  0x0001, 0x0001, 0x0001, 0xE2C0, 0xFB60, 0xFC81, 0xF460, 0xF461, 0xF461, 0xF460, 0xF460, 0xF461, 0xF4C2, 0xFD45, 0xFE89, 0xFECA, 0xF546, 0xEB41, 0xF3E0, 0xF461, 0xFB40, 0xE2C0, 0x0001, 0x0001,
  0x0001, 0x0001, 0xE2E0, 0xFBA0, 0xEBA1, 0xFDC7, 0xFD03, 0xF481, 0xF4A2, 0xFD65, 0xFD65, 0xFDA6, 0xFE8A, 0xFECB, 0xFDC8, 0xEC03, 0xEB40, 0xF441, 0xF441, 0xF320, 0xE2C0, 0x0001, 0x0001, 0x0001,
  0x0001, 0xE2C0, 0xFBE0, 0xEB40, 0x0001, 0xFECA, 0xFEAA, 0xFE28, 0xFE49, 0xFEAA, 0xFECB, 0xFEAA, 0xFDA8, 0xF423, 0xEB40, 0xF3E0, 0xF481, 0xF3A0, 0xEB40, 0x0001, 0x0001, 0x0001, 0x0001, 0x0001,
  0x0001, 0xF340, 0xFC00, 0xE2C0, 0x0001, 0xFE48, 0xFECA, 0xFEAA, 0xFE8A, 0xFDE8, 0xF4E5, 0xEBC2, 0xEB40, 0xEBC0, 0xF481, 0xF400, 0xEB20, 0xFC84, 0xFDE8, 0x0001, 0x0001, 0x0001, 0x0001, 0x0001,
  0xE2C0, 0xFBA0, 0xF3E0, 0xEAC0, 0xE280, 0xEB20, 0xF422, 0xF403, 0xEBA2, 0xEB40, 0xEB60, 0xF400, 0xF481, 0xF400, 0xEB60, 0xEBE2, 0xFDA8, 0xFF0B, 0x0001, 0x0001, 0x0001, 0x0001, 0x0001, 0x0001,
  0xEAC0, 0xFB40, 0xF421, 0xF401, 0xFBE0, 0xF3C0, 0xEBA0, 0xEBC0, 0xF420, 0xF461, 0xF440, 0xEBC0, 0xEB80, 0xF423, 0xFD88, 0xFE8A, 0xFEA8, 0xFDC7, 0x0001, 0x0001, 0x0001, 0x0001, 0x0001, 0x0001,
  0x0001, 0xF300, 0xFB40, 0xFBE0, 0xFC21, 0xFC41, 0xFC41, 0xFC21, 0xFBE0, 0xFBE1, 0xF423, 0xFCE5, 0xFE29, 0xFE89, 0xFE68, 0xFD43, 0xF440, 0x0001, 0x0001, 0x0001, 0x0001, 0x0001, 0x0001, 0x0001,
  0x0001, 0x0001, 0xEAE0, 0xEAC0, 0xEAC0, 0xEAC0, 0xE2C0, 0xE280, 0x0001, 0xFDC8, 0xFE49, 0xFE28, 0xFDA6, 0xF4A2, 0xFC61, 0x0001, 0x0001, 0x0001, 0x0001, 0x0001, 0x0001, 0x0001, 0x0001, 0x0001,
  0x0001, 0x0001, 0x0001, 0x0001, 0x0001, 0x0001, 0x0001, 0x0001, 0x0001, 0x0001, 0x0001, 0x0001, 0x0001, 0x0001, 0x0001, 0x0001, 0x0001, 0x0001, 0x0001, 0x0001, 0x0001, 0x0001, 0x0001, 0x0001,
  0x0001, 0x0001, 0x0001, 0x0001, 0x0001, 0x0001, 0x0001, 0x0001, 0x0001, 0x0001, 0x0001, 0x0001, 0x0001, 0x0001, 0x0001, 0x0001, 0x0001, 0x0001, 0x0001, 0x0001, 0x0001, 0x0001, 0x0001, 0x0001,
  0x0001, 0x0001, 0x0001, 0x0001, 0x0001, 0x0001, 0x0001, 0x0001, 0x0001, 0x0001, 0x0001, 0x0001, 0x0001, 0x0001, 0x0001, 0x0001, 0x0001, 0x0001, 0x0001, 0x0001, 0x0001, 0x0001, 0x0001, 0x0001,
  0x0001, 0x0001, 0x0001, 0x0001, 0x0001, 0x0001, 0x0001, 0x0001, 0x0001, 0x0001, 0x0001, 0x0001, 0x0001, 0x0001, 0x0001, 0x0001, 0x0001, 0x0001, 0x0001, 0x0001, 0x0001, 0x0001, 0x0001, 0x0001,
  0x0001, 0x0001, 0x0001, 0x0001, 0x0001, 0x0001, 0x0001, 0x0001, 0x0001, 0x0001, 0x0001, 0x0001, 0x0001, 0x0001, 0x0001, 0x0001, 0x0001, 0x0001, 0x0001, 0x0001, 0x0001, 0x0001, 0x0001, 0x0001
};

const uint16_t ICON_GOLF_16[256] PROGMEM = {
  0x0001, 0x0001, 0x0001, 0x0001, 0x0001, 0xE989, 0xE168, 0xE168, 0x0001, 0x0001, 0x0001, 0x0001, 0x0001, 0x0001, 0x0001, 0x0001,
  0x0001, 0x0001, 0x0001, 0x0001, 0xD968, 0xF9A9, 0xE989, 0xE989, 0xE168, 0xE168, 0x0001, 0x0001, 0x0001, 0x0001, 0x0001, 0x0001,
  0x0001, 0x0001, 0x0001, 0x0001, 0xD948, 0xE989, 0xD968, 0xE188, 0xF189, 0xF189, 0xD968, 0x0001, 0x0001, 0x0001, 0x0001, 0x0001,
  0x0001, 0x0001, 0x0001, 0x0001, 0xD9A8, 0xF989, 0xE988, 0xD968, 0xE188, 0x0001, 0x0001, 0x0001, 0x0001, 0x0001, 0x0001, 0x0001,
  0x0001, 0x0001, 0x0001, 0x0001, 0xFCC6, 0xFB08, 0x0001, 0x0001, 0x0001, 0x0001, 0x0001, 0x0001, 0x0001, 0x0001, 0x0001, 0x0001,
  0x0001, 0x0001, 0x0001, 0x0001, 0xFD86, 0x0001, 0x0001, 0x0001, 0x0001, 0x0001, 0x0001, 0x0001, 0x0001, 0x0001, 0x0001, 0x0001,
  0x0001, 0x0001, 0x0001, 0x0001, 0xFD66, 0xFD66, 0x0001, 0x0001, 0x0001, 0x0001, 0x0001, 0x0001, 0x0001, 0x0001, 0x0001, 0x0001,
  0x0001, 0x0001, 0x0001, 0x0001, 0xFD66, 0xFD66, 0x0001, 0x0001, 0x0001, 0x0001, 0x0001, 0x0001, 0x0001, 0x0001, 0x0001, 0x0001,
  0x0001, 0x0001, 0x0001, 0x0001, 0xFD46, 0x0001, 0x0001, 0x0001, 0x0001, 0x0001, 0x0001, 0x0001, 0x0001, 0x0001, 0x0001, 0x0001,
  0x0001, 0x0001, 0x0001, 0x0001, 0xF566, 0xCD88, 0x6D8A, 0x7DAA, 0x7DAB, 0x756A, 0x64E8, 0x0001, 0x0001, 0x0001, 0x0001, 0x0001,
  0x0001, 0x0001, 0x7DAA, 0x6DAB, 0xCD88, 0xB5C9, 0x760B, 0x7DAA, 0x6D49, 0x6D29, 0x7569, 0x758A, 0x7DAA, 0x7D8A, 0x0001, 0x0001,
  0x0001, 0x758A, 0x862B, 0x760B, 0xCD88, 0xB5A8, 0x6549, 0x64E8, 0x6D29, 0x758A, 0x7DAA, 0x7DAA, 0x7DCB, 0x860B, 0x758A, 0x0001,
  0x758A, 0x862B, 0x758A, 0x5449, 0xCCE7, 0x93E6, 0x32A6, 0x5C49, 0x7D8A, 0x7DAA, 0x758A, 0x758A, 0x758A, 0x7D8A, 0x862B, 0x758A,
  0x758A, 0x860B, 0x6489, 0x10A5, 0x7A85, 0x5A06, 0x10A5, 0x18C5, 0x5C29, 0x7DEA, 0x758A, 0x758A, 0x758A, 0x758A, 0x7DEB, 0x758A,
  0x758A, 0x860B, 0x7D8A, 0x5C29, 0x42E8, 0x42C8, 0x4B08, 0x5C09, 0x758A, 0x7DCB, 0x7DAA, 0x7DAA, 0x7DAA, 0x7DAA, 0x860B, 0x758A,
  0x0001, 0x7DCB, 0x7DAA, 0x7DEA, 0x7DEA, 0x7DCA, 0x7DEA, 0x7DEA, 0x758A, 0x758A, 0x758A, 0x758A, 0x758A, 0x758A, 0x7DCB, 0x0001
};

const uint16_t ICON_GOLF_24[576] PROGMEM = {
  0x0001, 0x0001, 0x0001, 0x0001, 0x0001, 0x0001, 0x0001, 0xD968, 0xE168, 0xD968, 0x0001, 0x0001, 0x0001, 0x0001, 0x0001, 0x0001, 0x0001, 0x0001, 0x0001, 0x0001, 0x0001, 0x0001, 0x0001, 0x0001,
  0x0001, 0x0001, 0x0001, 0x0001, 0x0001, 0x0001, 0x0001, 0xF189, 0xE188, 0xE989, 0xE989, 0xE168, 0xE168, 0x0001, 0x0001, 0x0001, 0x0001, 0x0001, 0x0001, 0x0001, 0x0001, 0x0001, 0x0001, 0x0001,
  0x0001, 0x0001, 0x0001, 0x0001, 0x0001, 0x0001, 0x0001, 0xE989, 0xD968, 0xD968, 0xD968, 0xE168, 0xE989, 0xE988, 0xE168, 0xE168, 0x0001, 0x0001, 0x0001, 0x0001, 0x0001, 0x0001, 0x0001, 0x0001,
  0x0001, 0x0001, 0x0001, 0x0001, 0x0001, 0x0001, 0x0001, 0xE989, 0xD968, 0xD968, 0xD968, 0xD968, 0xD968, 0xE168, 0xF189, 0xF9AA, 0xD968, 0x0001, 0x0001, 0x0001, 0x0001, 0x0001, 0x0001, 0x0001,
  0x0001, 0x0001, 0x0001, 0x0001, 0x0001, 0x0001, 0x0001, 0xE989, 0xD968, 0xD968, 0xE168, 0xE989, 0xE989, 0xD968, 0xE168, 0x0001, 0x0001, 0x0001, 0x0001, 0x0001, 0x0001, 0x0001, 0x0001, 0x0001,
  0x0001, 0x0001, 0x0001, 0x0001, 0x0001, 0x0001, 0x0001, 0xE989, 0xE969, 0xE989, 0xD968, 0xD968, 0xD968, 0x0001, 0x0001, 0x0001, 0x0001, 0x0001, 0x0001, 0x0001, 0x0001, 0x0001, 0x0001, 0x0001,
  0x0001, 0x0001, 0x0001, 0x0001, 0x0001, 0x0001, 0x0001, 0xFBC7, 0xE168, 0xD968, 0x0001, 0x0001, 0x0001, 0x0001, 0x0001, 0x0001, 0x0001, 0x0001, 0x0001, 0x0001, 0x0001, 0x0001, 0x0001, 0x0001,
  0x0001, 0x0001, 0x0001, 0x0001, 0x0001, 0x0001, 0x0001, 0xFD86, 0x0001, 0x0001, 0x0001, 0x0001, 0x0001, 0x0001, 0x0001, 0x0001, 0x0001, 0x0001, 0x0001, 0x0001, 0x0001, 0x0001, 0x0001, 0x0001,
  0x0001, 0x0001, 0x0001, 0x0001, 0x0001, 0x0001, 0x0001, 0xFD66, 0x0001, 0x0001, 0x0001, 0x0001, 0x0001, 0x0001, 0x0001, 0x0001, 0x0001, 0x0001, 0x0001, 0x0001, 0x0001, 0x0001, 0x0001, 0x0001,
  0x0001, 0x0001, 0x0001, 0x0001, 0x0001, 0x0001, 0x0001, 0xFD66, 0x0001, 0x0001, 0x0001, 0x0001, 0x0001, 0x0001, 0x0001, 0x0001, 0x0001, 0x0001, 0x0001, 0x0001, 0x0001, 0x0001, 0x0001, 0x0001,
  0x0001, 0x0001, 0x0001, 0x0001, 0x0001, 0x0001, 0x0001, 0xFD66, 0x0001, 0x0001, 0x0001, 0x0001, 0x0001, 0x0001, 0x0001, 0x0001, 0x0001, 0x0001, 0x0001, 0x0001, 0x0001, 0x0001, 0x0001, 0x0001,
  0x0001, 0x0001, 0x0001, 0x0001, 0x0001, 0x0001, 0x0001, 0xFD66, 0x0001, 0x0001, 0x0001, 0x0001, 0x0001, 0x0001, 0x0001, 0x0001, 0x0001, 0x0001, 0x0001, 0x0001, 0x0001, 0x0001, 0x0001, 0x0001,
  0x0001, 0x0001, 0x0001, 0x0001, 0x0001, 0x0001, 0x0001, 0xFD66, 0x0001, 0x0001, 0x0001, 0x0001, 0x0001, 0x0001, 0x0001, 0x0001, 0x0001, 0x0001, 0x0001, 0x0001, 0x0001, 0x0001, 0x0001, 0x0001,
  0x0001, 0x0001, 0x0001, 0x0001, 0x0001, 0x0001, 0x0001, 0xFD66, 0x0001, 0x0001, 0x0001, 0x0001, 0x0001, 0x0001, 0x0001, 0x0001, 0x0001, 0x0001, 0x0001, 0x0001, 0x0001, 0x0001, 0x0001, 0x0001,
  0x0001, 0x0001, 0x0001, 0x0001, 0x0001, 0x0001, 0xCD67, 0xFD86, 0x858A, 0x758A, 0x758A, 0x758A, 0x7DAA, 0x7D8A, 0x756A, 0x6D29, 0x64C7, 0x0001, 0x0001, 0x0001, 0x0001, 0x0001, 0x0001, 0x0001,
  0x0001, 0x0001, 0x0001, 0x0001, 0x7DAB, 0x6DAB, 0xADC9, 0xFD66, 0x85CA, 0x7DCB, 0x7DCB, 0x7DAA, 0x6D49, 0x64E8, 0x64C7, 0x6508, 0x7549, 0x758A, 0x7DAA, 0x7DAA, 0x0001, 0x0001, 0x0001, 0x0001,
  0x0001, 0x0001, 0x758A, 0x7DCB, 0x860B, 0x75AB, 0xAD89, 0xFD66, 0x858A, 0x758A, 0x6D29, 0x5C87, 0x5C87, 0x64E8, 0x7549, 0x758A, 0x7DAA, 0x7DAA, 0x7DCB, 0x860B, 0x7DAA, 0x0001, 0x0001, 0x0001,
  0x0001, 0x758A, 0x85EB, 0x7DCB, 0x758A, 0x6DAB, 0xADA9, 0xFD66, 0x85AA, 0x6508, 0x5C87, 0x64E8, 0x756A, 0x7DAA, 0x7DAA, 0x758A, 0x758A, 0x758A, 0x758A, 0x758A, 0x7DEB, 0x7DCB, 0x0001, 0x0001,
  0x0001, 0x7DAA, 0x7DCB, 0x758A, 0x7DCA, 0x652A, 0x9CE8, 0xFD46, 0x5BC7, 0x4366, 0x5C68, 0x7DAA, 0x7DCB, 0x758A, 0x758A, 0x758A, 0x758A, 0x758A, 0x758A, 0x758A, 0x758A, 0x7DEB, 0x7D8A, 0x0001,
  0x758A, 0x860B, 0x758A, 0x7DAA, 0x5388, 0x1966, 0x7AE6, 0xFDA6, 0x3186, 0x2126, 0x2966, 0x3227, 0x6489, 0x7DAA, 0x758A, 0x758A, 0x758A, 0x758A, 0x758A, 0x758A, 0x758A, 0x758A, 0x860B, 0x758A,
  0x758A, 0x7DCB, 0x7DAA, 0x756A, 0x29A6, 0x10C5, 0x49E6, 0x9B66, 0x2966, 0x2146, 0x2126, 0x18A5, 0x42E7, 0x7DEA, 0x758A, 0x758A, 0x758A, 0x758A, 0x758A, 0x758A, 0x758A, 0x758A, 0x7DEB, 0x758A,
  0x758A, 0x7DCB, 0x758A, 0x7DAA, 0x64C9, 0x42E7, 0x29E7, 0x1966, 0x29A6, 0x29C6, 0x3A47, 0x4B68, 0x754A, 0x7DAA, 0x758A, 0x758A, 0x758A, 0x758A, 0x758A, 0x758A, 0x758A, 0x758A, 0x7DCB, 0x758A,
  0x758A, 0x864B, 0x7DAA, 0x7DAA, 0x7DEB, 0x7DEB, 0x7D8A, 0x756A, 0x756A, 0x756A, 0x7DCA, 0x860B, 0x7DCB, 0x7DAA, 0x7DAA, 0x7DAA, 0x7DAA, 0x7DAA, 0x7DAA, 0x7DAA, 0x7DAA, 0x7DAA, 0x862B, 0x758A,
  0x0001, 0x7DAA, 0x7DAA, 0x758A, 0x758A, 0x758A, 0x7DAA, 0x7DAA, 0x7DAA, 0x7DAA, 0x758A, 0x758A, 0x758A, 0x758A, 0x758A, 0x758A, 0x758A, 0x758A, 0x758A, 0x758A, 0x758A, 0x7DAA, 0x7D8A, 0x0001
};

const uint16_t ICON_TENNIS_16[256] PROGMEM = {
  0x0001, 0x0001, 0x0001, 0x0001, 0x0001, 0x7DAA, 0x7DAA, 0x758A, 0x758A, 0x7DAA, 0x7DAA, 0x0001, 0x0001, 0x0001, 0x0001, 0x0001,
  0x0001, 0x0001, 0x0001, 0x7589, 0x7DEB, 0x860B, 0x7DCB, 0x7DAA, 0x7DAA, 0x7DCB, 0x860B, 0x7DEB, 0x7589, 0x0001, 0x0001, 0x0001,
  0x0001, 0x0001, 0xEF9C, 0x9E8F, 0x7589, 0x758A, 0x758A, 0x758A, 0x758A, 0x758A, 0x758A, 0x7589, 0x9E8F, 0xEF9C, 0x0001, 0x0001,
  0x0001, 0xA690, 0xE7FA, 0xEFBD, 0x7D8B, 0x758A, 0x758A, 0x758A, 0x758A, 0x758A, 0x758A, 0x7D8A, 0xEFBD, 0xE7FA, 0xA690, 0x0001,
  0x0001, 0xAEF1, 0xA68F, 0xEFDD, 0xB693, 0x6D69, 0x758A, 0x758A, 0x758A, 0x758A, 0x6D69, 0xB693, 0xEFDD, 0xA68F, 0xAEF1, 0x0001,
  0xA691, 0xB732, 0x9E6F, 0xCF37, 0xDF59, 0x6D69, 0x758A, 0x758A, 0x758A, 0x758A, 0x6D69, 0xDF59, 0xCF37, 0x9E6F, 0xB732, 0xA691,
  0xA691, 0xAEF1, 0xA690, 0xBEF4, 0xE79C, 0x758A, 0x758A, 0x758A, 0x758A, 0x758A, 0x758A, 0xE79C, 0xBEF4, 0xA690, 0xAEF1, 0xA691,
  0xA691, 0xAED1, 0xA690, 0xB6D3, 0xEF9C, 0x7D8B, 0x758A, 0x758A, 0x758A, 0x758A, 0x7D8B, 0xEF9C, 0xB6D3, 0xA690, 0xAED1, 0xA691,
  0xA691, 0xAED1, 0xA690, 0xB6D3, 0xEF9C, 0x7DAB, 0x758A, 0x758A, 0x758A, 0x758A, 0x7D8B, 0xEF9C, 0xB6D3, 0xA690, 0xAED1, 0xA691,
  0xA691, 0xAEF1, 0xA690, 0xBEF4, 0xE79C, 0x758A, 0x758A, 0x758A, 0x758A, 0x758A, 0x758A, 0xE79C, 0xBEF4, 0xA690, 0xAEF1, 0xA691,
  0xA691, 0xB732, 0x9E6F, 0xCF37, 0xDF59, 0x6D69, 0x758A, 0x758A, 0x758A, 0x758A, 0x6D69, 0xDF59, 0xCF37, 0x9E6F, 0xB732, 0xA691,
  0x0001, 0xAEF1, 0xA68F, 0xEFDD, 0xB693, 0x6D69, 0x758A, 0x758A, 0x758A, 0x758A, 0x6D69, 0xB693, 0xEFDD, 0xA68F, 0xAEF1, 0x0001,
  0x0001, 0xA690, 0xE7FA, 0xEFBD, 0x7D8B, 0x758A, 0x758A, 0x758A, 0x758A, 0x758A, 0x758A, 0x7D8B, 0xEFBD, 0xE7FA, 0xA690, 0x0001,
  0x0001, 0x0001, 0xEF9C, 0x9E8F, 0x7589, 0x758A, 0x758A, 0x758A, 0x758A, 0x758A, 0x758A, 0x7589, 0x9E8F, 0xEF9C, 0x0001, 0x0001,
  0x0001, 0x0001, 0x0001, 0x7589, 0x7DEB, 0x860B, 0x7DCB, 0x7DAA, 0x7DAA, 0x7DCB, 0x860B, 0x7DEB, 0x7589, 0x0001, 0x0001, 0x0001,
  0x0001, 0x0001, 0x0001, 0x0001, 0x0001, 0x7DAA, 0x7DAA, 0x758A, 0x758A, 0x7DAA, 0x7DAA, 0x0001, 0x0001, 0x0001, 0x0001, 0x0001
};

const uint16_t ICON_TENNIS_24[576] PROGMEM = {
  0x0001, 0x0001, 0x0001, 0x0001, 0x0001, 0x0001, 0x0001, 0x0001, 0x7DAA, 0x7DAA, 0x758A, 0x758A, 0x758A, 0x758A, 0x7DAA, 0x7DAA, 0x0001, 0x0001, 0x0001, 0x0001, 0x0001, 0x0001, 0x0001, 0x0001,
  0x0001, 0x0001, 0x0001, 0x0001, 0x0001, 0x0001, 0x7DAA, 0x7DAA, 0x860B, 0x7DEB, 0x7DAB, 0x7DAA, 0x7DAA, 0x7DAB, 0x7DEB, 0x860B, 0x7DAA, 0x7DAA, 0x0001, 0x0001, 0x0001, 0x0001, 0x0001, 0x0001,
  0x0001, 0x0001, 0x0001, 0x0001, 0x6548, 0x7DCB, 0x85EB, 0x7DAA, 0x758A, 0x758A, 0x758A, 0x758A, 0x758A, 0x758A, 0x758A, 0x758A, 0x7DAA, 0x85EB, 0x7DCB, 0x6548, 0x0001, 0x0001, 0x0001, 0x0001,
  0x0001, 0x0001, 0x0001, 0xF7DE, 0xAED2, 0x7589, 0x758A, 0x758A, 0x758A, 0x758A, 0x758A, 0x758A, 0x758A, 0x758A, 0x758A, 0x758A, 0x758A, 0x758A, 0x7589, 0xAED2, 0xF7DE, 0x0001, 0x0001, 0x0001,
  0x0001, 0x0001, 0xAEB2, 0xFFFE, 0xFFFF, 0x9E50, 0x6D69, 0x758A, 0x758A, 0x758A, 0x758A, 0x758A, 0x758A, 0x758A, 0x758A, 0x758A, 0x758A, 0x6D69, 0x9E50, 0xFFFF, 0xFFFE, 0xAEB2, 0x0001, 0x0001,
  0x0001, 0x0001, 0xA6B1, 0xAED1, 0xEFBD, 0xF7DE, 0x7DAC, 0x758A, 0x758A, 0x758A, 0x758A, 0x758A, 0x758A, 0x758A, 0x758A, 0x758A, 0x758A, 0x7DAC, 0xF7DE, 0xEFBD, 0xAED1, 0xA6B1, 0x0001, 0x0001,
  0x0001, 0xA690, 0xB712, 0xA670, 0xB6D3, 0xFFFF, 0xBEB4, 0x6D69, 0x758A, 0x758A, 0x758A, 0x758A, 0x758A, 0x758A, 0x758A, 0x758A, 0x6D69, 0xBEB4, 0xFFFF, 0xB6D3, 0xA670, 0xB712, 0xA690, 0x0001,
  0x0001, 0xAED1, 0xAEB1, 0xA690, 0xA690, 0xEFBC, 0xEF9C, 0x758A, 0x758A, 0x758A, 0x758A, 0x758A, 0x758A, 0x758A, 0x758A, 0x758A, 0x758A, 0xEF9C, 0xEFBC, 0xA690, 0xA690, 0xAEB1, 0xAED1, 0x0001,
  0xA691, 0xB732, 0xA691, 0xA691, 0x9E8F, 0xCF37, 0xFFFF, 0x85CD, 0x7569, 0x758A, 0x758A, 0x758A, 0x758A, 0x758A, 0x758A, 0x7569, 0x85CD, 0xFFFF, 0xCF37, 0x9E8F, 0xA691, 0xA691, 0xB732, 0xA691,
  0xA6B1, 0xB6F2, 0xA691, 0xA691, 0xA690, 0xBEF4, 0xFFFF, 0x9E30, 0x6D69, 0x758A, 0x758A, 0x758A, 0x758A, 0x758A, 0x758A, 0x6D69, 0x9E30, 0xFFFF, 0xBEF4, 0xA690, 0xA691, 0xA691, 0xB6F2, 0xA6B1,
  0xA691, 0xAED1, 0xA691, 0xA691, 0xA690, 0xB6D3, 0xFFFF, 0xA671, 0x6D69, 0x758A, 0x758A, 0x758A, 0x758A, 0x758A, 0x758A, 0x6D69, 0xA671, 0xFFFF, 0xB6D3, 0xA690, 0xA691, 0xA691, 0xAED1, 0xA691,
  0xA691, 0xAED1, 0xA691, 0xA691, 0xA690, 0xB6D2, 0xFFFF, 0xA672, 0x6D69, 0x758A, 0x758A, 0x758A, 0x758A, 0x758A, 0x758A, 0x6D69, 0xA672, 0xFFFF, 0xB6D2, 0xA690, 0xA691, 0xA691, 0xAED1, 0xA691,
  0xA691, 0xAED1, 0xA691, 0xA691, 0xA690, 0xB6D2, 0xFFFF, 0xAE72, 0x6D69, 0x758A, 0x758A, 0x758A, 0x758A, 0x758A, 0x758A, 0x6D69, 0xA672, 0xFFFF, 0xB6D2, 0xA690, 0xA691, 0xA691, 0xAED1, 0xA691,
  0xA691, 0xAED1, 0xA691, 0xA691, 0xA690, 0xB6D3, 0xFFFF, 0xA671, 0x6D69, 0x758A, 0x758A, 0x758A, 0x758A, 0x758A, 0x758A, 0x6D69, 0xA671, 0xFFFF, 0xB6D3, 0xA690, 0xA691, 0xA691, 0xAED1, 0xA691,
  0xA6B1, 0xB6F2, 0xA691, 0xA691, 0xA690, 0xBEF4, 0xFFFF, 0x9E30, 0x6D69, 0x758A, 0x758A, 0x758A, 0x758A, 0x758A, 0x758A, 0x6D69, 0x9E30, 0xFFFF, 0xBEF4, 0xA690, 0xA691, 0xA691, 0xB6F2, 0xA6B1,
  0xA691, 0xB732, 0xA691, 0xA691, 0x9E8F, 0xCF37, 0xFFFF, 0x85CD, 0x7569, 0x758A, 0x758A, 0x758A, 0x758A, 0x758A, 0x758A, 0x7569, 0x85CD, 0xFFFF, 0xCF37, 0x9E8F, 0xA691, 0xA691, 0xB732, 0xA691,
  0x0001, 0xAED1, 0xAEB1, 0xA690, 0xA690, 0xEFBC, 0xEF9C, 0x758A, 0x758A, 0x758A, 0x758A, 0x758A, 0x758A, 0x758A, 0x758A, 0x758A, 0x758A, 0xEF9C, 0xEFBC, 0xA690, 0xA690, 0xAEB1, 0xAED1, 0x0001,
  0x0001, 0xA690, 0xB712, 0xA670, 0xB6D3, 0xFFFF, 0xBEB4, 0x6D69, 0x758A, 0x758A, 0x758A, 0x758A, 0x758A, 0x758A, 0x758A, 0x758A, 0x6D69, 0xBEB4, 0xFFFF, 0xB6D3, 0xA670, 0xB712, 0xA690, 0x0001,
  0x0001, 0x0001, 0xA6B1, 0xAED1, 0xEFBD, 0xF7DE, 0x7DAC, 0x758A, 0x758A, 0x758A, 0x758A, 0x758A, 0x758A, 0x758A, 0x758A, 0x758A, 0x758A, 0x7DAC, 0xF7DE, 0xEFBD, 0xAED1, 0xA6B1, 0x0001, 0x0001,
  0x0001, 0x0001, 0xAEB2, 0xFFFE, 0xFFFF, 0x9E50, 0x6D69, 0x758A, 0x758A, 0x758A, 0x758A, 0x758A, 0x758A, 0x758A, 0x758A, 0x758A, 0x758A, 0x6D69, 0x9E50, 0xFFFF, 0xFFFE, 0xAEB2, 0x0001, 0x0001,
  0x0001, 0x0001, 0x0001, 0xF7DE, 0xAED2, 0x7589, 0x758A, 0x758A, 0x758A, 0x758A, 0x758A, 0x758A, 0x758A, 0x758A, 0x758A, 0x758A, 0x758A, 0x758A, 0x7589, 0xAED2, 0xF7DE, 0x0001, 0x0001, 0x0001,
  0x0001, 0x0001, 0x0001, 0x0001, 0x6548, 0x7DCB, 0x85EB, 0x7DAA, 0x758A, 0x758A, 0x758A, 0x758A, 0x758A, 0x758A, 0x758A, 0x758A, 0x7DAA, 0x85EB, 0x7DCB, 0x6548, 0x0001, 0x0001, 0x0001, 0x0001,
  0x0001, 0x0001, 0x0001, 0x0001, 0x0001, 0x0001, 0x7DAA, 0x7DAA, 0x860B, 0x7DEB, 0x7DAB, 0x7DAA, 0x7DAA, 0x7DAB, 0x7DEB, 0x860B, 0x7DAA, 0x7DAA, 0x0001, 0x0001, 0x0001, 0x0001, 0x0001, 0x0001,
  0x0001, 0x0001, 0x0001, 0x0001, 0x0001, 0x0001, 0x0001, 0x0001, 0x7DAA, 0x7DAA, 0x758A, 0x758A, 0x758A, 0x758A, 0x7DAA, 0x7DAA, 0x0001, 0x0001, 0x0001, 0x0001, 0x0001, 0x0001, 0x0001, 0x0001
};

struct SlideIconEntry { const char* key; const uint16_t* px16; const uint16_t* px24; };
const int SLIDE_ICON_COUNT = 26;
const SlideIconEntry SLIDE_ICONS[SLIDE_ICON_COUNT] = {
  { "news", ICON_NEWS_16, ICON_NEWS_24 },
  { "localnews", ICON_LOCALNEWS_16, ICON_LOCALNEWS_24 },
  { "scores", ICON_SCORES_16, ICON_SCORES_24 },
  { "sports", ICON_SPORTS_16, ICON_SPORTS_24 },
  { "finance", ICON_FINANCE_16, ICON_FINANCE_24 },
  { "money", ICON_MONEY_16, ICON_MONEY_24 },
  { "rates", ICON_RATES_16, ICON_RATES_24 },
  { "weather", ICON_WEATHER_16, ICON_WEATHER_24 },
  { "traffic", ICON_TRAFFIC_16, ICON_TRAFFIC_24 },
  { "train", ICON_TRAIN_16, ICON_TRAIN_24 },
  { "flights", ICON_FLIGHTS_16, ICON_FLIGHTS_24 },
  { "calendar", ICON_CALENDAR_16, ICON_CALENDAR_24 },
  { "whoop", ICON_WHOOP_16, ICON_WHOOP_24 },
  { "workout", ICON_WORKOUT_16, ICON_WORKOUT_24 },
  { "concert", ICON_CONCERT_16, ICON_CONCERT_24 },
  { "lake", ICON_LAKE_16, ICON_LAKE_24 },
  { "tiki", ICON_TIKI_16, ICON_TIKI_24 },
  { "moon", ICON_MOON_16, ICON_MOON_24 },
  { "house", ICON_HOUSE_16, ICON_HOUSE_24 },
  { "cabin", ICON_CABIN_16, ICON_CABIN_24 },
  { "chart", ICON_CHART_16, ICON_CHART_24 },
  { "compass", ICON_COMPASS_16, ICON_COMPASS_24 },
  { "star", ICON_STAR_16, ICON_STAR_24 },
  { "space", ICON_SPACE_16, ICON_SPACE_24 },
  { "golf", ICON_GOLF_16, ICON_GOLF_24 },
  { "tennis", ICON_TENNIS_16, ICON_TENNIS_24 },
};
